302.7,839,96,871.0348661
302.705,854,93,871.0348654
302.71,882,96,871.0348659
302.715,895,100,871.0348651
302.72,862,98,871.0348652
302.725,900,96,871.0348653
302.73,908,98,871.0348653
302.735,963,99,871.0348648
302.74,960,99,871.0348647
302.745,926,98,871.0348634
302.75,865,97,871.0348635
302.755,860,94,871.0348638
302.76,843,100,871.0348627
302.765,891,98,871.0348632
302.77,807,97,871.0348637
302.775,808,100,871.0348629
302.78,842,94,871.0348646
302.785,844,96,871.034866
302.79,920,98,871.0348657
302.795,901,97,871.0348663
302.8,922,99,871.0348662
302.805,873,96,871.0348662
302.81,831,98,871.0348665
302.815,941,100,871.0348665
302.82,873,97,871.0348664
302.825,845,98,871.0348663
302.83,887,98,871.0348662
302.835,845,100,871.0348662
302.84,838,98,871.0348659
302.845,797,95,871.0348659
302.85,822,96,871.0348645
302.855,736,96,871.0348637
302.86,646,97,871.0348642
302.865,753,100,871.0348651
302.87,751,97,871.0348649
302.875,794,98,871.0348639
302.88,769,98,871.0348639
302.885,726,93,871.0348634
302.89,837,99,871.0348656
302.895,884,97,871.0348661
302.9,852,97,871.0348662
302.905,852,97,871.0348664
302.91,889,100,871.0348665
302.915,859,98,871.0348662
302.92,838,98,871.0348663
302.925,803,99,871.0348662
302.93,937,98,871.0348665
302.935,871,95,871.0348667
302.94,864,99,871.0348668
302.945,823,99,871.0348667
302.95,736,99,871.0348662
302.955,720,92,871.0348661
302.96,816,100,871.0348661
302.965,798,98,871.0348659
302.97,778,99,871.0348661
302.975,733,87,871.0348663
302.98,877,98,871.0348666
302.985,756,93,871.0348666
302.99,942,98,871.0348666
302.995,908,96,871.0348471
303,800,96,871.0348653
303.005,806,99,871.034865
303.01,798,97,871.0348653
303.015,756,98,871.0348659
303.02,734,97,871.0348676
303.025,693,93,871.0348686
303.03,764,97,871.0348669
303.035,718,99,871.0348661
303.04,684,93,871.034864
303.045,749,96,871.0348632
303.05,748,98,871.0348658
303.055,740,96,871.0348632
303.06,769,98,871.0348644
303.065,778,99,871.0348652
303.07,809,98,871.034865
303.075,766,92,871.0348637
303.08,789,99,871.0348658
303.085,866,95,871.0348657
303.09,859,99,871.0348658
303.095,803,97,871.0348644
303.1,733,97,871.0348652
303.105,719,93,871.0348665
303.11,741,97,871.0348684
303.115,912,99,871.0348661
303.12,905,97,871.0348654
303.125,874,98,871.034866
303.13,821,98,871.0348665
303.135,886,97,871.0348658
303.14,903,98,871.0348661
303.145,939,98,871.0348662
303.15,933,97,871.0348664
303.155,928,96,871.0348661
303.16,775,98,871.0348659
303.165,742,94,871.0348634
303.17,796,98,871.0348629
303.175,754,97,871.0348643
303.18,753,100,871.0348645
303.185,727,96,871.0348654
303.19,687,98,871.0348652
303.195,734,96,871.0348662
303.2,716,96,871.0348659
303.205,720,97,871.0348662
303.21,663,98,871.0348665
303.215,559,81,871.034867
303.22,655,97,871.0348671
303.225,645,95,871.0348668
303.23,706,97,871.0348666
303.235,667,96,871.0348661
303.24,741,98,871.0348657
303.245,684,95,871.0348653
303.25,701,99,871.0348658
303.255,628,94,871.0348663
303.26,717,95,871.0348659
303.265,718,94,871.0348692
303.27,704,95,871.0348629
303.275,746,98,871.0348641
303.28,678,97,871.0348658
303.285,705,96,871.0348657
303.29,708,99,871.034863
303.295,734,97,871.0348639
303.3,774,99,871.0348644
303.305,836,98,871.0348648
303.31,803,98,871.0348641
303.315,803,96,871.0348646
303.32,839,98,871.0348637
303.325,819,100,871.0348631
303.33,751,95,871.0348631
303.335,758,96,871.0348651
303.34,727,97,871.0348651
303.345,835,98,871.0348648
303.35,814,96,871.0348649
303.355,786,96,871.0348607
303.36,793,97,871.0348659
303.365,826,100,871.0348655
303.37,798,98,871.0348638
303.375,800,99,871.034863
303.38,776,100,871.0348633
303.385,771,98,871.0348638
303.39,731,96,871.0348638
303.395,828,100,871.0348631
303.4,733,97,871.0348639
303.405,734,99,871.0348647
303.41,769,99,871.0348661
303.415,744,98,871.0348688
303.42,781,97,871.0348689
303.425,770,97,871.0348703
303.43,793,98,871.0348668
303.435,769,99,871.0348671
303.44,786,98,871.0348668
303.445,776,98,871.0348667
303.45,786,93,871.0348666
303.455,788,96,871.0348667
303.46,820,96,871.0348668
303.465,841,99,871.0348671
303.47,899,96,871.0348666
303.475,879,100,871.0348668
303.48,844,98,871.0348668
303.485,807,96,871.0348666
303.49,787,94,871.0348668
303.495,785,97,871.034867
303.5,797,98,871.0348666
303.505,787,98,871.034867
303.51,806,97,871.0348668
303.515,779,98,871.0348667
303.52,848,97,871.0348665
303.525,811,99,871.0348666
303.53,767,93,871.0348665
303.535,839,95,871.0348668
303.54,864,96,871.0348669
303.545,878,97,871.0348666
303.55,896,97,871.0348668
303.555,870,99,871.0348671
303.56,847,98,871.0348664
303.565,796,96,871.0348668
303.57,868,96,871.0348668
303.575,889,96,871.0348666
303.58,851,98,871.0348669
303.585,842,97,871.0348667
303.59,867,99,871.0348667
303.595,795,96,871.0348666
303.6,790,94,871.0348668
303.605,835,99,871.0348668
303.61,796,95,871.0348668
303.615,763,94,871.0348667
303.62,796,98,871.0348668
303.625,777,96,871.0348668
303.63,775,97,871.0348666
303.635,764,97,871.0348667
303.64,782,96,871.0348669
303.645,792,97,871.0348668
303.65,760,97,871.0348668
303.655,735,94,871.034867
303.66,740,96,871.0348667
303.665,747,98,871.0348665
303.67,768,97,871.0348669
303.675,784,99,871.0348669
303.68,800,99,871.0348667
303.685,752,98,871.0348667
303.69,738,95,871.0348668
303.695,826,98,871.0348666
303.7,854,94,871.0348667
303.705,817,97,871.0348668
303.71,768,97,871.0348668
303.715,786,95,871.034867
303.72,845,96,871.0348666
303.725,844,96,871.0348669
303.73,922,100,871.0348667
303.735,877,96,871.0348666
303.74,941,99,871.0348668
303.745,831,92,871.0348669
303.75,949,99,871.0348667
303.755,852,98,871.0348666
303.76,866,98,871.0348669
303.765,889,96,871.034867
303.77,873,96,871.0348672
303.775,871,96,871.0348667
303.78,864,98,871.0348668
303.785,831,93,871.0348669
303.79,854,92,871.0348665
303.795,791,97,871.0348667
303.8,845,96,871.0348667
303.805,778,98,871.0348668
303.81,871,97,871.0348668
303.815,848,97,871.0348668
303.82,847,97,871.0348667
303.825,838,100,871.0348668
303.83,870,98,871.0348667
303.835,880,99,871.0348666
303.84,834,95,871.0348667
303.845,843,98,871.0348669
303.85,867,97,871.0348668
303.855,871,98,871.0348667
303.86,842,94,871.0348668
303.865,852,90,871.0348666
303.87,851,95,871.0348667
303.875,888,95,871.0348668
303.88,897,96,871.0348668
303.885,941,97,871.0348668
303.89,900,97,871.034867
303.895,937,98,871.0348667
303.9,875,92,871.0348669
303.905,939,96,871.034867
303.91,887,98,871.0348671
303.915,906,92,871.034867
303.92,884,98,871.0348666
303.925,916,96,871.0348668
303.93,894,97,871.0348668
303.935,889,99,871.0348669
303.94,824,98,871.0348667
303.945,884,97,871.0348669
303.95,810,96,871.0348667
303.955,710,95,871.0348666
303.96,797,98,871.0348667
303.965,764,97,871.0348668
303.97,774,99,871.0348668
303.975,817,98,871.0348669
303.98,762,98,871.0348668
303.985,802,96,871.0348669
303.99,777,92,871.0348667
303.995,792,94,871.034867
304,786,98,871.0348666
304.005,846,99,871.0348668
304.01,845,99,871.0348668
304.015,788,96,871.0348669
304.02,835,97,871.0348671
304.025,746,96,871.0348666
304.03,811,99,871.0348665
304.035,779,96,871.0348669
304.04,778,100,871.0348667
304.045,813,95,871.0348666
304.05,759,97,871.0348668
304.055,743,99,871.0348669
304.06,811,99,871.0348664
304.065,711,95,871.0348668
304.07,797,98,871.0348666
304.075,784,97,871.0348668
304.08,680,93,871.0348667
304.085,760,94,871.0348665
304.09,822,94,871.0348666
304.095,786,94,871.034867
304.1,775,96,871.0348667
304.105,810,95,871.0348668
304.11,753,94,871.0348669
304.115,755,94,871.0348665
304.12,811,96,871.0348668
304.125,765,93,871.0348664
304.13,737,95,871.0348665
304.135,730,97,871.0348668
304.14,872,99,871.0348665
304.145,722,92,871.0348667
304.15,779,97,871.0348668
304.155,902,97,871.0348666
304.16,801,98,871.0348667
304.165,790,95,871.0348669
304.17,772,100,871.0348668
304.175,832,99,871.0348668
304.18,771,98,871.0348668
304.185,810,96,871.0348668
304.19,820,95,871.0348667
304.195,833,98,871.0348663
304.2,848,97,871.0348666
304.205,819,98,871.0348668
304.21,865,99,871.0348669
304.215,865,100,871.034867
304.22,792,97,871.0348669
304.225,850,98,871.0348668
304.23,875,98,871.0348668
304.235,841,96,871.034867
304.24,857,98,871.0348664
304.245,833,97,871.0348668
304.25,856,100,871.0348669
304.255,832,97,871.0348668
304.26,932,97,871.0348668
304.265,917,98,871.0348667
304.27,945,100,871.0348664
304.275,923,100,871.0348669
304.28,848,96,871.0348667
304.285,863,97,871.0348667
304.29,929,98,871.0348666
304.295,904,97,871.0348669
304.3,865,99,871.0348668
304.305,905,96,871.0348668
304.31,890,99,871.0348667
304.315,886,96,871.0348668
304.32,904,100,871.0348666
304.325,983,98,871.034867
304.33,920,97,871.0348666
304.335,933,99,871.0348664
304.34,907,96,871.0348667
304.345,910,99,871.0348666
304.35,884,97,871.0348668
304.355,894,95,871.0348669
304.36,978,99,871.0348668
304.365,942,98,871.0348665
304.37,822,90,871.0348666
304.375,895,97,871.0348665
304.38,877,99,871.0348666
304.385,996,98,871.0348669
304.39,899,97,871.034867
304.395,956,98,871.0348668
304.4,910,96,871.0348666
304.405,823,92,871.0348666
304.41,911,98,871.0348668
304.415,893,98,871.0348669
304.42,915,97,871.0348668
304.425,896,98,871.0348668
304.43,801,97,871.0348668
304.435,916,100,871.0348666
304.44,909,99,871.0348668
304.445,845,96,871.0348671
304.45,861,98,871.0348667
304.455,866,97,871.0348667
304.46,830,97,871.0348669
304.465,847,100,871.0348666
304.47,814,98,871.0348665
304.475,853,95,871.0348666
304.48,813,96,871.0348667
304.485,860,98,871.0348668
304.49,850,96,871.0348668
304.495,891,97,871.0348669
304.5,866,94,871.0348669
304.505,804,97,871.0348669
304.51,869,99,871.0348665
304.515,773,94,871.0348667
304.52,767,90,871.034867
304.525,727,95,871.0348666
304.53,741,96,871.0348668
304.535,797,98,871.0348668
304.54,776,96,871.0348667
304.545,770,95,871.0348669
304.55,847,98,871.0348664
304.555,823,98,871.0348669
304.56,787,98,871.0348666
304.565,815,97,871.0348668
304.57,737,98,871.0348668
304.575,749,97,871.0348667
304.58,810,99,871.0348667
304.585,798,97,871.0348666
304.59,802,100,871.0348668
304.595,814,98,871.0348668
304.6,769,99,871.0348664
304.605,849,97,871.0348669
304.61,855,99,871.0348666
304.615,831,96,871.0348667
304.62,802,97,871.0348666
304.625,779,97,871.0348669
304.63,828,94,871.0348665
304.635,743,92,871.0348666
304.64,853,99,871.0348668
304.645,726,91,871.0348666
304.65,897,98,871.0348667
304.655,860,96,871.0348667
304.66,929,99,871.0348664
304.665,874,98,871.0348665
304.67,817,99,871.0348667
304.675,760,90,871.0348665
304.68,817,96,871.0348665
304.685,851,97,871.0348669
304.69,814,95,871.0348668
304.695,839,98,871.0348668
304.7,769,94,871.0348664
304.705,796,97,871.0348662
304.71,802,98,871.0348665
304.715,841,95,871.0348665
304.72,815,97,871.0348665
304.725,779,94,871.0348665
304.73,833,96,871.0348669
304.735,850,97,871.0348666
304.74,795,95,871.0348662
304.745,764,99,871.0348664
304.75,692,94,871.0348663
304.755,756,94,871.0348663
304.76,675,95,871.0348665
304.765,750,97,871.0348664
304.77,854,97,871.0348665
304.775,770,98,871.0348665
304.78,763,99,871.0348666
304.785,835,98,871.0348666
304.79,807,99,871.0348668
304.795,801,97,871.0348664
304.8,772,98,871.0348664
304.805,834,99,871.0348666
304.81,804,97,871.0348665
304.815,758,96,871.0348669
304.82,863,97,871.0348665
304.825,852,99,871.0348666
304.83,742,96,871.0348665
304.835,815,99,871.0348666
304.84,795,98,871.0348662
304.845,732,98,871.0348664
304.85,746,97,871.0348664
304.855,736,97,871.0348667
304.86,739,99,871.0348663
304.865,825,96,871.0348661
304.87,818,97,871.0348662
304.875,798,98,871.0348662
304.88,805,96,871.0348663
304.885,810,96,871.0348663
304.89,799,98,871.0348663
304.895,745,95,871.0348663
304.9,880,97,871.0348659
304.905,798,97,871.0348661
304.91,799,95,871.0348662
304.915,865,99,871.0348657
304.92,867,98,871.0348659
304.925,798,94,871.0348661
304.93,842,97,871.0348663
304.935,893,98,871.0348661
304.94,943,99,871.0348666
304.945,878,95,871.0348663
304.95,873,93,871.034866
304.955,872,99,871.0348664
304.96,875,96,871.0348664
304.965,926,96,871.0348663
304.97,787,90,871.0348665
304.975,905,98,871.0348666
304.98,891,95,871.0348666
304.985,919,98,871.0348664
304.99,918,98,871.0348663
304.995,817,92,871.0348669
305,842,93,871.0348665
305.005,824,97,871.0348662
305.01,828,96,871.0348666
305.015,835,94,871.0348666
305.02,813,97,871.0348666
305.025,863,97,871.0348664
305.03,851,93,871.0348663
305.035,797,96,871.0348663
305.04,885,99,871.0348666
305.045,793,99,871.0348666
305.05,775,99,871.0348666
305.055,764,98,871.0348666
305.06,837,100,871.0348664
305.065,742,96,871.0348666
305.07,779,100,871.0348664
305.075,808,96,871.0348667
305.08,742,95,871.0348666
305.085,792,97,871.0348667
305.09,734,95,871.0348666
305.095,777,98,871.0348665
305.1,803,99,871.0348664
305.105,740,95,871.0348668
305.11,728,96,871.0348665
305.115,792,95,871.0348666
305.12,758,98,871.0348666
305.125,775,95,871.0348665
305.13,730,94,871.0348668
305.135,812,98,871.0348664
305.14,844,100,871.0348666
305.145,887,97,871.0348666
305.15,842,98,871.0348664
305.155,828,97,871.0348663
305.16,741,94,871.0348665
305.165,806,98,871.0348663
305.17,823,99,871.0348663
305.175,865,98,871.0348661
305.18,816,96,871.0348667
305.185,912,98,871.0348666
305.19,886,97,871.0348663
305.195,879,100,871.0348666
305.2,793,92,871.0348665
305.205,815,94,871.0348663
305.21,846,99,871.0348664
305.215,902,99,871.0348663
305.22,822,96,871.0348661
305.225,806,98,871.0348661
305.23,789,94,871.0348663
305.235,902,98,871.0348664
305.24,816,94,871.0348664
305.245,848,98,871.0348664
305.25,823,95,871.0348664
305.255,831,97,871.0348662
305.26,769,96,871.0348663
305.265,781,98,871.0348664
305.27,784,95,871.0348664
305.275,818,98,871.0348664
305.28,768,97,871.0348661
305.285,762,97,871.0348661
305.29,764,97,871.0348664
305.295,805,98,871.0348661
305.3,837,99,871.0348664
305.305,757,93,871.0348665
305.31,798,99,871.0348664
305.315,691,91,871.0348661
305.32,847,97,871.0348662
305.325,853,98,871.0348661
305.33,790,99,871.0348658
305.335,789,93,871.0348638
305.34,769,97,871.0348659
305.345,762,95,871.0348632
305.35,768,95,871.0348636
305.355,760,93,871.0348649
305.36,834,98,871.0348643
305.365,786,98,871.0348647
305.37,786,97,871.0348637
305.375,756,98,871.0348644
305.38,805,98,871.0348643
305.385,795,98,871.0348645
305.39,756,96,871.034865
305.395,751,96,871.034865
305.4,734,96,871.0348649
305.405,778,95,871.0348655
305.41,777,97,871.0348516
305.415,807,94,871.0348631
305.42,816,97,871.0348642
305.425,852,99,871.034866
305.43,870,99,871.0348659
305.435,761,96,871.0348656
305.44,769,97,871.0348656
305.445,797,97,871.034866
305.45,757,94,871.0348657
305.455,757,94,871.0348656
305.46,751,96,871.0348658
305.465,725,98,871.034866
305.47,812,99,871.0348657
305.475,804,96,871.0348658
305.48,737,98,871.0348657
305.485,859,99,871.0348657
305.49,700,97,871.0348655
305.495,723,96,871.0348654
305.5,727,96,871.0348657
305.505,753,99,871.034865
305.51,768,99,871.0348654
305.515,710,98,871.0348636
305.52,622,93,871.0348647
305.525,714,99,871.0348631
305.53,697,99,871.0348637
305.535,718,97,871.0348631
305.54,760,96,871.0348631
305.545,749,97,871.034863
305.55,782,98,871.0348638
305.555,746,97,871.0348645
305.56,760,97,871.0348647
305.565,709,94,871.0348644
305.57,746,96,871.0348647
305.575,772,97,871.0348645
305.58,806,98,871.0348644
305.585,781,100,871.0348643
305.59,802,99,871.034865
305.595,742,97,871.0348649
305.6,742,95,871.0348655
305.605,686,98,871.0348657
305.61,684,97,871.0348664
305.615,687,99,871.0348667
305.62,693,90,871.0348673
305.625,694,98,871.0348681
305.63,746,96,871.034868
305.635,780,98,871.0348685
305.64,733,96,871.0348692
305.645,887,99,871.0348687
305.65,831,96,871.034869
305.655,831,97,871.0348686
305.66,829,98,871.0348692
305.665,896,98,871.0348659
305.67,875,97,871.0348646
305.675,874,97,871.0348652
305.68,899,98,871.0348662
305.685,833,98,871.0348653
305.69,871,95,871.0348632
305.695,846,98,871.0348631
305.7,866,100,871.034863
305.705,828,94,871.0348632
305.71,791,97,871.0348629
305.715,835,97,871.0348635
305.72,780,97,871.0348627
305.725,837,98,871.0348639
305.73,813,95,871.0348628
305.735,831,96,871.0348661
305.74,878,96,871.0348662
305.745,749,93,871.0348649
305.75,788,96,871.034866
305.755,828,96,871.0348644
305.76,726,97,871.0348632
305.765,745,95,871.0348637
305.77,802,97,871.0348633
305.775,799,99,871.0348638
305.78,741,97,871.0348638
305.785,769,97,871.0348666
305.79,730,98,871.0348659
305.795,727,95,871.0348667
305.8,729,95,871.0348668
305.805,782,97,871.0348669
305.81,733,97,871.0348675
305.815,751,97,871.0348676
305.82,772,99,871.0348674
305.825,717,96,871.0348669
305.83,837,100,871.0348673
305.835,770,93,871.0348673
305.84,826,97,871.0348681
305.845,833,98,871.0348683
305.85,785,91,871.0348685
305.855,810,96,871.0348691
305.86,893,99,871.0348684
305.865,918,99,871.0348683
305.87,858,97,871.0348681
305.875,841,99,871.0348676
305.88,857,98,871.0348674
305.885,856,97,871.0348669
305.89,846,94,871.0348662
305.895,852,99,871.0348663
305.9,873,99,871.034866
305.905,829,95,871.0348666
305.91,843,97,871.0348666
305.915,880,96,871.0348674
305.92,875,98,871.0348673
305.925,922,100,871.0348679
305.93,825,96,871.0348688
305.935,843,97,871.034869
305.94,870,97,871.0348658
305.945,900,97,871.0348659
305.95,832,95,871.034866
305.955,854,94,871.0348637
305.96,821,95,871.0348631
305.965,845,95,871.0348639
305.97,827,99,871.0348629
305.975,843,95,871.0348636
305.98,859,98,871.0348648
305.985,753,98,871.0348672
305.99,762,98,871.0348671
305.995,807,97,871.0348677
306,794,98,871.034868
306.005,808,98,871.034868
306.01,813,97,871.0348684
306.015,801,96,871.0348687
306.02,817,99,871.034869
306.025,890,97,871.0348688
306.03,829,99,871.0348677
306.035,890,97,871.0348679
306.04,934,99,871.0348671
306.045,881,100,871.0348669
306.05,917,99,871.0348672
306.055,872,97,871.0348671
306.06,900,98,871.0348681
306.065,835,98,871.0348683
306.07,890,100,871.0348687
306.075,844,99,871.0348685
306.08,815,92,871.0348689
306.085,843,97,871.0348683
306.09,787,97,871.034868
306.095,743,95,871.0348684
306.1,821,96,871.0348682
306.105,830,95,871.0348679
306.11,824,100,871.0348667
306.115,740,97,871.034867
306.12,812,96,871.0348666
306.125,826,96,871.0348665
306.13,804,98,871.0348663
306.135,850,95,871.0348661
306.14,837,98,871.0348661
306.145,788,97,871.0348658
306.15,849,97,871.0348651
306.155,785,91,871.0348642
306.16,818,94,871.0348643
306.165,800,91,871.0348647
306.17,858,96,871.0348648
306.175,792,97,871.0348646
306.18,816,100,871.0348663
306.185,811,99,871.0348702
306.19,881,97,871.0348653
306.195,879,96,871.0348643
306.2,804,95,871.0348661
306.205,859,99,871.0348659
306.21,785,94,871.0348646
306.215,823,95,871.0348658
306.22,794,97,871.0348662
306.225,816,95,871.0348632
306.23,731,97,871.0348634
306.235,781,99,871.0348633
306.24,857,97,871.0348638
306.245,770,95,871.0348632
306.25,820,98,871.034863
306.255,748,97,871.0348654
306.26,774,97,871.0348637
306.265,729,97,871.0348642
306.27,768,99,871.0348658
306.275,752,94,871.0348663
306.28,722,98,871.0348662
306.285,681,96,871.0348665
306.29,760,98,871.0348662
306.295,718,98,871.0348636
306.3,721,98,871.0348643
306.305,784,98,871.0348654
306.31,779,99,871.0348659
306.315,788,97,871.0348644
306.32,767,95,871.034865
306.325,820,98,871.0348664
306.33,767,97,871.0348664
306.335,765,94,871.0348665
306.34,789,94,871.0348648
306.345,767,99,871.0348656
306.35,776,97,871.0348652
306.355,827,99,871.0348661
306.36,874,98,871.0348645
306.365,883,99,871.0348662
306.37,790,94,871.0348662
306.375,797,93,871.0348665
306.38,880,99,871.0348661
306.385,827,97,871.0348648
306.39,885,98,871.0348634
306.395,764,96,871.0348635
306.4,751,95,871.0348636
306.405,811,98,871.0348635
306.41,777,92,871.0348634
306.415,813,96,871.0348631
306.42,783,98,871.0348639
306.425,818,96,871.0348639
306.43,781,98,871.034864
306.435,855,100,871.0348642
306.44,830,98,871.0348639
306.445,837,97,871.0348638
306.45,826,95,871.0348634
306.455,938,99,871.0348636
306.46,821,97,871.0348635
306.465,848,98,871.034864
306.47,858,95,871.0348637
306.475,910,98,871.0348633
306.48,865,99,871.0348634
306.485,859,100,871.0348634
306.49,876,94,871.0348662
306.495,898,97,871.0348632
306.5,810,94,871.034865
306.505,905,99,871.0348629
306.51,921,100,871.0348644
306.515,938,99,871.0348661
306.52,905,98,871.0348661
306.525,890,97,871.0348661
306.53,996,100,871.0348662
306.535,863,97,871.0348663
306.54,940,100,871.0348642
306.545,898,97,871.0348664
306.55,967,98,871.0348664
306.555,880,93,871.0348664
306.56,886,97,871.0348666
306.565,936,98,871.0348663
306.57,900,94,871.0348666
306.575,867,95,871.0348665
306.58,947,99,871.0348664
306.585,941,97,871.0348664
306.59,956,99,871.0348666
306.595,920,97,871.0348667
306.6,868,95,871.0348669
306.605,786,96,871.0348667
306.61,897,96,871.0348667
306.615,822,92,871.0348665
306.62,940,99,871.0348666
306.625,903,99,871.0348668
306.63,815,96,871.0348672
306.635,877,98,871.0348668
306.64,805,95,871.0348669
306.645,896,98,871.0348666
306.65,850,97,871.0348667
306.655,889,98,871.0348667
306.66,905,98,871.0348672
306.665,833,93,871.0348668
306.67,909,98,871.0348669
306.675,920,98,871.0348671
306.68,885,96,871.0348673
306.685,821,95,871.0348668
306.69,869,96,871.0348671
306.695,785,94,871.0348673
306.7,912,98,871.0348667
306.705,814,91,871.034867
306.71,901,99,871.0348668
306.715,855,95,871.0348669
306.72,932,97,871.0348666
306.725,914,96,871.0348669
306.73,927,99,871.0348672
306.735,987,99,871.034867
306.74,909,97,871.0348668
306.745,932,96,871.034867
306.75,874,95,871.034867
306.755,912,97,871.0348668
306.76,860,94,871.0348671
306.765,798,98,871.0348669
306.77,917,98,871.034867
306.775,870,93,871.0348671
306.78,878,96,871.034867
306.785,854,95,871.0348668
306.79,898,96,871.0348671
306.795,899,99,871.034867
306.8,864,96,871.0348671
306.805,845,98,871.034867
306.81,850,96,871.0348674
306.815,860,94,871.0348672
306.82,779,97,871.034867
306.825,817,97,871.0348671
306.83,856,97,871.0348668
306.835,847,95,871.034867
306.84,874,97,871.0348672
306.845,781,95,871.0348668
306.85,787,96,871.0348672
306.855,796,98,871.0348671
306.86,755,91,871.0348669
306.865,835,96,871.0348671
306.87,899,99,871.0348671
306.875,828,98,871.0348671
306.88,834,98,871.0348668
306.885,875,100,871.034867
306.89,818,95,871.0348671
306.895,858,99,871.0348672
306.9,840,93,871.034867
306.905,822,95,871.0348669
306.91,942,99,871.0348669
306.915,860,99,871.0348675
306.92,877,98,871.034867
306.925,896,99,871.034867
306.93,866,98,871.034867
306.935,802,94,871.0348672
306.94,865,95,871.0348671
306.945,810,94,871.0348672
306.95,872,97,871.0348671
306.955,845,96,871.0348669
306.96,866,98,871.0348669
306.965,915,98,871.0348671
306.97,928,98,871.0348671
306.975,895,100,871.0348671
306.98,885,98,871.0348672
306.985,868,97,871.0348669
306.99,888,98,871.0348672
306.995,929,98,871.034867
307,830,97,871.0348674
307.005,869,98,871.0348672
307.01,833,96,871.0348673
307.015,819,94,871.0348671
307.02,878,99,871.0348669
307.025,770,93,871.0348672
307.03,847,97,871.0348673
307.035,799,95,871.0348671
307.04,829,98,871.0348671
307.045,769,93,871.0348671
307.05,856,99,871.0348671
307.055,866,96,871.0348672
307.06,852,94,871.0348671
307.065,826,97,871.0348668
307.07,786,95,871.0348669
307.075,767,96,871.034867
307.08,793,97,871.034867
307.085,727,96,871.0348669
307.09,772,95,871.034867
307.095,736,96,871.0348674
307.1,780,97,871.0348672
307.105,778,95,871.0348669
307.11,809,99,871.0348671
307.115,819,99,871.034867
307.12,790,99,871.0348673
307.125,823,98,871.0348673
307.13,823,98,871.034867
307.135,741,91,871.0348671
307.14,831,95,871.0348668
307.145,771,97,871.034867
307.15,833,97,871.034867
307.155,813,100,871.0348672
307.16,799,94,871.034867
307.165,813,98,871.0348672
307.17,864,99,871.0348671
307.175,809,95,871.0348672
307.18,901,98,871.034867
307.185,818,92,871.034867
307.19,878,96,871.0348668
307.195,821,98,871.0348673
307.2,827,92,871.0348673
307.205,864,98,871.034867
307.21,866,97,871.0348673
307.215,857,97,871.0348669
307.22,865,91,871.0348669
307.225,828,98,871.0348671
307.23,878,97,871.0348671
307.235,864,100,871.0348673
307.24,812,97,871.0348671
307.245,832,98,871.0348669
307.25,771,91,871.0348672
307.255,780,93,871.0348672
307.26,745,97,871.0348669
307.265,768,96,871.0348673
307.27,823,97,871.0348672
307.275,781,95,871.0348673
307.28,811,97,871.0348671
307.285,825,98,871.0348672
307.29,816,98,871.0348673
307.295,752,95,871.0348673
307.3,855,95,871.034867
307.305,768,94,871.0348668
307.31,862,99,871.0348667
307.315,837,94,871.0348672
307.32,853,94,871.034867
307.325,859,98,871.0348671
307.33,769,94,871.0348672
307.335,761,95,871.034867
307.34,841,98,871.0348668
307.345,799,97,871.034867
307.35,791,98,871.0348672
307.355,719,95,871.0348674
307.36,875,98,871.0348671
307.365,792,95,871.034867
307.37,749,97,871.034867
307.375,705,96,871.0348671
307.38,786,98,871.0348671
307.385,841,99,871.0348672
307.39,888,100,871.0348668
307.395,755,95,871.0348673
307.4,846,93,871.0348671
307.405,792,97,871.034867
307.41,792,99,871.0348669
307.415,800,96,871.034867
307.42,743,94,871.034867
307.425,697,97,871.0348671
307.43,774,94,871.0348671
307.435,731,95,871.034867
307.44,724,98,871.0348669
307.445,707,96,871.0348668
307.45,701,98,871.034867
307.455,715,100,871.0348669
307.46,683,98,871.0348671
307.465,670,96,871.0348671
307.47,700,98,871.034867
307.475,752,98,871.034867
307.48,729,94,871.0348673
307.485,791,97,871.0348667
307.49,822,96,871.0348669
307.495,760,97,871.0348669
307.5,800,94,871.0348666
307.505,884,98,871.0348666
307.51,844,99,871.0348669
307.515,833,98,871.0348665
307.52,895,95,871.0348669
307.525,899,97,871.0348667
307.53,893,95,871.0348669
307.535,971,100,871.034867
307.54,957,98,871.0348667
307.545,949,96,871.0348671
307.55,927,99,871.0348669
307.555,925,97,871.0348668
307.56,877,96,871.034867
307.565,834,95,871.0348668
307.57,889,94,871.0348665
307.575,943,99,871.0348668
307.58,952,98,871.0348665
307.585,828,93,871.0348668
307.59,847,95,871.0348668
307.595,789,93,871.0348664
307.6,933,98,871.0348663
307.605,931,97,871.0348667
307.61,1030,99,871.0348666
307.615,925,98,871.0348667
307.62,884,97,871.0348671
307.625,897,99,871.0348663
307.63,936,99,871.0348667
307.635,865,98,871.0348669
307.64,806,99,871.0348666
307.645,890,98,871.0348668
307.65,887,96,871.0348663
307.655,846,95,871.0348667
307.66,821,95,871.0348667
307.665,832,95,871.0348662
307.67,870,96,871.0348666
307.675,871,100,871.0348663
307.68,827,95,871.034866
307.685,806,98,871.0348666
307.69,797,99,871.0348664
307.695,763,96,871.0348664
307.7,819,98,871.0348662
307.705,814,97,871.0348662
307.71,805,96,871.0348662
307.715,803,98,871.0348662
307.72,716,98,871.0348664
307.725,744,96,871.0348642
307.73,667,92,871.0348632
307.735,751,99,871.0348636
307.74,682,95,871.0348636
307.745,762,98,871.0348637
307.75,812,96,871.034864
307.755,827,97,871.0348642
307.76,815,95,871.0348643
307.765,854,95,871.0348639
307.77,902,99,871.0348635
307.775,884,99,871.0348642
307.78,877,100,871.034864
307.785,843,97,871.0348648
307.79,828,93,871.0348646
307.795,825,98,871.0348638
307.8,840,95,871.0348634
307.805,883,98,871.0348636
307.81,869,96,871.0348664
307.815,896,98,871.0348638
307.82,897,98,871.0348634
307.825,875,97,871.0348634
307.83,809,94,871.0348639
307.835,792,98,871.0348636
307.84,882,99,871.0348637
307.845,899,97,871.0348648
307.85,910,100,871.0348647
307.855,870,100,871.0348646
307.86,899,99,871.0348657
307.865,852,92,871.0348716
307.87,869,95,871.0348669
307.875,924,100,871.0348672
307.88,865,97,871.0348673
307.885,961,98,871.0348671
307.89,873,98,871.034867
307.895,858,98,871.0348672
307.9,850,92,871.0348672
307.905,851,96,871.0348672
307.91,855,95,871.0348667
307.915,886,100,871.0348671
307.92,832,93,871.0348671
307.925,875,98,871.034867
307.93,923,100,871.0348671
307.935,859,98,871.034867
307.94,826,96,871.0348672
307.945,876,99,871.0348668
307.95,913,98,871.0348667
307.955,831,95,871.0348669
307.96,840,92,871.0348671
307.965,811,98,871.0348671
307.97,887,98,871.0348673
307.975,781,95,871.0348671
307.98,764,97,871.0348671
307.985,749,97,871.0348668
307.99,775,92,871.0348669
307.995,927,94,871.0348671
308,874,96,871.0348671
308.005,863,95,871.0348671
308.01,855,98,871.034867
308.015,836,98,871.0348671
308.02,848,98,871.0348669
308.025,813,97,871.0348666
308.03,826,95,871.0348671
308.035,759,99,871.0348672
308.04,753,96,871.0348668
308.045,741,97,871.0348667
308.05,735,94,871.0348668
308.055,735,98,871.0348671
308.06,741,98,871.034867
308.065,722,94,871.034867
308.07,758,100,871.034867
308.075,752,98,871.034867
308.08,696,97,871.0348667
308.085,769,98,871.0348669
308.09,741,96,871.0348669
308.095,770,98,871.0348671
308.1,764,96,871.0348671
308.105,788,99,871.034867
308.11,691,95,871.034867
308.115,719,100,871.0348671
308.12,783,99,871.0348668
308.125,803,99,871.034867
308.13,711,98,871.0348666
308.135,734,99,871.0348665
308.14,722,98,871.0348666
308.145,674,95,871.0348668
308.15,689,99,871.0348667
308.155,652,91,871.034867
308.16,691,93,871.0348667
308.165,706,94,871.0348667
308.17,697,96,871.0348666
308.175,723,97,871.0348669
308.18,703,96,871.0348665
308.185,684,95,871.0348668
308.19,719,98,871.0348667
308.195,724,97,871.0348664
308.2,744,97,871.0348666
308.205,715,97,871.0348666
308.21,745,98,871.0348667
308.215,762,95,871.0348668
308.22,777,96,871.0348668
308.225,790,97,871.0348671
308.23,824,100,871.0348668
308.235,907,99,871.0348667
308.24,823,96,871.0348671
308.245,738,95,871.0348666
308.25,802,100,871.0348669
308.255,777,99,871.0348669
308.26,801,98,871.0348668
308.265,774,97,871.0348667
308.27,797,95,871.034867
308.275,850,98,871.034867
308.28,785,98,871.0348666
308.285,846,98,871.0348667
308.29,822,93,871.0348666
308.295,736,92,871.0348668
308.3,835,98,871.0348667
308.305,774,97,871.0348666
308.31,798,94,871.0348666
308.315,869,97,871.0348664
308.32,922,98,871.0348669
308.325,889,99,871.0348669
308.33,908,96,871.0348667
308.335,877,94,871.0348671
308.34,866,93,871.0348671
308.345,859,100,871.0348667
308.35,909,99,871.0348669
308.355,891,96,871.0348667
308.36,918,98,871.0348668
308.365,912,96,871.0348667
308.37,873,97,871.034867
308.375,915,98,871.0348667
308.38,823,95,871.0348668
308.385,915,96,871.0348668
308.39,826,97,871.034867
308.395,776,97,871.0348669
308.4,807,96,871.034867
308.405,737,97,871.0348665
308.41,853,98,871.0348665
308.415,855,97,871.0348665
308.42,795,98,871.0348669
308.425,817,97,871.0348667
308.43,816,94,871.0348667
308.435,849,99,871.034867
308.44,860,99,871.0348667
308.445,834,95,871.0348665
308.45,885,100,871.0348668
308.455,848,96,871.0348668
308.46,839,96,871.0348667
308.465,873,94,871.0348665
308.47,790,93,871.0348668
308.475,817,96,871.0348666
308.48,845,97,871.0348669
308.485,869,99,871.0348669
308.49,807,95,871.0348668
308.495,819,98,871.0348668
308.5,798,96,871.0348666
308.505,835,98,871.0348663
308.51,835,98,871.034867
308.515,815,98,871.0348664
308.52,793,100,871.034867
308.525,763,98,871.0348668
308.53,762,96,871.0348667
308.535,724,99,871.0348665
308.54,732,97,871.0348667
308.545,756,99,871.0348668
308.55,725,95,871.0348669
308.555,813,97,871.0348666
308.56,721,94,871.0348669
308.565,795,99,871.0348666
308.57,753,97,871.0348667
308.575,787,98,871.0348667
308.58,770,99,871.0348667
308.585,782,96,871.0348668
308.59,769,96,871.0348668
308.595,836,100,871.0348667
308.6,824,99,871.0348666
308.605,778,93,871.0348666
308.61,731,94,871.0348662
308.615,729,94,871.0348665
308.62,773,93,871.0348666
308.625,775,98,871.0348668
308.63,704,96,871.0348666
308.635,808,98,871.0348669
308.64,758,96,871.0348667
308.645,755,99,871.0348666
308.65,715,99,871.0348667
308.655,746,96,871.0348668
308.66,719,95,871.0348668
308.665,670,96,871.0348669
308.67,707,97,871.0348666
308.675,716,96,871.0348667
308.68,671,96,871.034867
308.685,751,98,871.0348668
308.69,693,96,871.0348666
308.695,710,100,871.0348669
308.7,761,96,871.0348667
308.705,765,100,871.0348663
308.71,708,91,871.0348668
308.715,755,98,871.0348669
308.72,807,100,871.0348665
308.725,751,100,871.0348666
308.73,782,98,871.0348667
308.735,768,97,871.0348664
308.74,777,96,871.0348666
308.745,823,98,871.0348668
308.75,806,98,871.0348661
308.755,745,98,871.0348666
308.76,786,96,871.0348663
308.765,809,99,871.0348666
308.77,826,98,871.0348664
308.775,844,100,871.0348664
308.78,741,97,871.0348663
308.785,811,97,871.0348664
308.79,826,96,871.0348663
308.795,774,96,871.0348666
308.8,777,96,871.034866
308.805,802,95,871.0348663
308.81,806,98,871.0348665
308.815,838,94,871.0348667
308.82,863,96,871.0348665
308.825,883,96,871.0348662
308.83,844,94,871.0348667
308.835,926,98,871.0348665
308.84,859,94,871.034867
308.845,908,99,871.0348667
308.85,876,98,871.0348669
308.855,844,95,871.0348665
308.86,881,96,871.0348664
308.865,814,94,871.0348668
308.87,902,100,871.0348669
308.875,884,98,871.0348667
308.88,851,96,871.0348668
308.885,853,99,871.0348669
308.89,870,97,871.0348665
308.895,830,96,871.0348664
308.9,849,97,871.0348668
308.905,861,98,871.0348668
308.91,831,97,871.0348665
308.915,872,98,871.0348667
308.92,852,95,871.0348666
308.925,887,98,871.0348668
308.93,892,99,871.0348664
308.935,868,99,871.0348666
308.94,824,97,871.0348668
308.945,832,98,871.0348664
308.95,831,94,871.0348664
308.955,838,97,871.0348665
308.96,801,95,871.0348668
308.965,898,98,871.0348667
308.97,816,92,871.0348667
308.975,819,96,871.0348668
308.98,811,99,871.0348667
308.985,884,100,871.034867
308.99,855,98,871.0348665
308.995,830,95,871.0348668
309,795,94,871.0348666
309.005,789,97,871.0348666
309.01,790,97,871.0348664
309.015,754,94,871.0348663
309.02,930,94,871.0348666
309.025,818,96,871.0348663
309.03,744,98,871.0348665
309.035,831,98,871.0348659
309.04,841,98,871.0348665
309.045,783,95,871.0348662
309.05,743,92,871.0348663
309.055,817,98,871.0348666
309.06,834,95,871.0348663
309.065,773,97,871.0348665
309.07,781,93,871.0348664
309.075,813,98,871.0348666
309.08,830,98,871.0348666
309.085,882,98,871.0348666
309.09,804,95,871.0348664
309.095,741,96,871.0348667
309.1,801,96,871.0348664
309.105,782,98,871.0348669
309.11,759,100,871.0348665
309.115,739,97,871.0348665
309.12,741,99,871.0348664
309.125,720,98,871.0348668
309.13,794,96,871.0348668
309.135,805,96,871.0348668
309.14,797,98,871.0348669
309.145,710,95,871.0348669
309.15,789,96,871.0348666
309.155,817,97,871.0348668
309.16,754,98,871.034867
309.165,757,97,871.0348668
309.17,723,98,871.0348668
309.175,738,100,871.0348667
309.18,705,94,871.0348668
309.185,742,99,871.0348666
309.19,761,96,871.0348665
309.195,764,94,871.0348665
309.2,796,100,871.0348665
309.205,862,100,871.0348663
309.21,737,97,871.0348661
309.215,753,98,871.0348656
309.22,738,97,871.0348659
309.225,816,100,871.0348662
309.23,775,93,871.0348662
309.235,822,98,871.0348659
309.24,806,99,871.0348644
309.245,865,98,871.034866
309.25,829,96,871.0348661
309.255,796,97,871.0348652
309.26,852,96,871.0348652
309.265,891,99,871.0348634
309.27,840,96,871.0348634
309.275,787,96,871.0348636
309.28,813,94,871.0348631
309.285,841,94,871.0348638
309.29,940,96,871.034864
309.295,872,99,871.0348643
309.3,910,97,871.0348641
309.305,979,99,871.034864
309.31,894,96,871.0348633
309.315,897,100,871.034864
309.32,910,99,871.0348635
309.325,865,94,871.0348628
309.33,847,94,871.0348646
309.335,917,95,871.0348649
309.34,928,97,871.0348632
309.345,904,98,871.0348632
309.35,914,98,871.0348659
309.355,937,97,871.0348661
309.36,937,98,871.034866
309.365,918,98,871.0348664
309.37,897,98,871.0348663
309.375,961,97,871.0348661
309.38,955,100,871.0348666
309.385,925,99,871.0348664
309.39,925,99,871.0348664
309.395,910,95,871.0348666
309.4,905,95,871.0348668
309.405,887,98,871.0348664
309.41,911,97,871.0348665
309.415,868,95,871.0348663
309.42,934,98,871.0348665
309.425,923,99,871.0348667
309.43,904,98,871.0348668
309.435,879,96,871.0348666
309.44,863,99,871.0348668
309.445,827,95,871.0348666
309.45,836,97,871.0348665
309.455,806,93,871.0348665
309.46,797,95,871.0348663
309.465,799,97,871.0348664
309.47,757,95,871.0348662
309.475,752,98,871.0348663
309.48,783,97,871.0348665
309.485,757,100,871.0348667
309.49,809,97,871.0348665
309.495,777,98,871.0348666
309.5,752,94,871.0348667
309.505,802,97,871.0348664
309.51,754,100,871.0348667
309.515,770,99,871.0348667
309.52,758,99,871.0348664
309.525,674,94,871.0348665
309.53,719,94,871.0348665
309.535,661,97,871.0348665
309.54,725,98,871.0348663
309.545,647,92,871.0348667
309.55,697,99,871.0348665
309.555,719,98,871.0348663
309.56,722,94,871.0348662
309.565,718,94,871.0348663
309.57,729,96,871.0348663
309.575,716,92,871.0348663
309.58,731,98,871.0348663
309.585,810,99,871.0348664
309.59,827,96,871.0348665
309.595,841,98,871.0348666
309.6,799,92,871.0348667
309.605,776,96,871.0348665
309.61,792,97,871.0348666
309.615,782,91,871.0348665
309.62,801,97,871.0348665
309.625,800,96,871.0348663
309.63,844,95,871.0348666
309.635,766,91,871.0348663
309.64,855,100,871.0348669
309.645,769,97,871.0348665
309.65,735,94,871.0348665
309.655,886,97,871.0348659
309.66,860,98,871.0348664
309.665,823,100,871.0348663
309.67,850,93,871.0348663
309.675,831,98,871.0348663
309.68,815,98,871.034866
309.685,817,99,871.034866
309.69,741,96,871.0348661
309.695,829,96,871.0348659
309.7,804,97,871.0348662
309.705,831,99,871.034866
309.71,763,97,871.034866
309.715,858,99,871.0348663
309.72,827,97,871.0348661
309.725,852,98,871.034866
309.73,889,98,871.0348663
309.735,875,95,871.034866
309.74,951,99,871.0348662
309.745,885,95,871.0348665
309.75,900,99,871.0348665
309.755,929,100,871.0348663
309.76,897,96,871.0348663
309.765,885,97,871.0348662
309.77,906,97,871.0348664
309.775,922,97,871.0348661
309.78,876,94,871.0348664
309.785,877,99,871.0348665
309.79,859,99,871.0348661
309.795,871,97,871.0348663
309.8,824,97,871.034866
309.805,845,94,871.0348649
309.81,770,90,871.0348649
309.815,885,97,871.0348649
309.82,867,96,871.0348646
309.825,873,96,871.0348633
309.83,797,94,871.0348645
309.835,853,94,871.0348657
309.84,802,99,871.0348638
309.845,806,100,871.0348636
309.85,772,96,871.0348637
309.855,681,86,871.0348646
309.86,797,98,871.0348645
309.865,784,99,871.0348648
309.87,815,99,871.0348646
309.875,808,98,871.0348646
309.88,803,99,871.0348644
309.885,816,97,871.0348641
309.89,918,96,871.0348638
309.895,836,93,871.0348639
309.9,895,98,871.0348662
309.905,861,99,871.0348662
309.91,864,97,871.0348662
309.915,901,96,871.0348662
309.92,900,99,871.0348662
309.925,841,98,871.0348662
309.93,824,96,871.0348661
309.935,826,96,871.0348662
309.94,834,94,871.0348645
309.945,886,98,871.0348661
309.95,890,98,871.034866
309.955,904,99,871.034866
309.96,902,97,871.0348635
309.965,855,100,871.0348629
309.97,828,96,871.0348641
309.975,776,96,871.0348646
309.98,863,96,871.034865
309.985,766,95,871.034865
309.99,812,100,871.0348647
309.995,837,98,871.0348642
310,905,97,871.0348631
310.005,848,93,871.0348639
310.01,872,97,871.0348634
310.015,822,97,871.0348632
310.02,815,98,871.034864
310.025,809,98,871.034864
310.03,863,99,871.0348634
310.035,836,98,871.0348635
310.04,857,98,871.0348633
310.045,884,98,871.0348663
310.05,844,97,871.034864
310.055,812,98,871.0348642
310.06,873,98,871.0348654
310.065,814,94,871.0348662
310.07,849,96,871.0348647
310.075,828,92,871.0348659
310.08,888,99,871.034866
310.085,869,98,871.0348662
310.09,884,97,871.0348661
310.095,889,97,871.0348661
310.1,835,96,871.034866
310.105,879,98,871.0348653
310.11,874,100,871.034863
310.115,803,100,871.034865
310.12,821,99,871.0348647
310.125,785,97,871.0348635
310.13,817,96,871.0348639
310.135,794,96,871.0348628
310.14,784,100,871.0348631
310.145,763,96,871.0348634
310.15,775,99,871.0348638
310.155,741,98,871.0348633
310.16,738,97,871.0348632
310.165,734,97,871.0348629
310.17,725,94,871.0348629
310.175,723,95,871.0348633
310.18,765,99,871.0348633
310.185,696,98,871.0348637
310.19,723,99,871.0348634
310.195,696,96,871.0348635
310.2,745,97,871.0348632
310.205,796,97,871.0348634
310.21,725,99,871.0348643
310.215,746,98,871.0348643
310.22,737,98,871.0348645
310.225,732,97,871.034865
310.23,711,95,871.0348648
310.235,743,98,871.0348653
310.24,601,94,871.0348654
310.245,686,97,871.0348648
310.25,688,93,871.0348653
310.255,664,96,871.0348649
310.26,779,100,871.034864
310.265,753,97,871.0348634
310.27,667,95,871.0348642
310.275,776,96,871.0348637
310.28,742,96,871.0348639
310.285,764,95,871.0348632
310.29,806,99,871.0348629
310.295,845,98,871.0348631
310.3,796,95,871.0348646
310.305,798,97,871.0348633
310.31,824,99,871.0348636
310.315,838,98,871.0348634
310.32,747,92,871.0348643
310.325,806,97,871.0348647
310.33,790,95,871.0348646
310.335,789,99,871.034865
310.34,800,96,871.0348649
310.345,815,93,871.0348645
310.35,842,97,871.0348642
310.355,828,96,871.0348641
310.36,864,99,871.0348645
310.365,830,98,871.0348639
310.37,807,99,871.0348647
310.375,800,94,871.0348647
310.38,817,99,871.0348651
310.385,793,98,871.0348649
310.39,814,98,871.0348651
310.395,808,98,871.0348654
310.4,799,97,871.0348659
310.405,826,98,871.0348656
310.41,769,99,871.0348666
310.415,824,94,871.0348665
310.42,830,99,871.0348661
310.425,871,95,871.0348661
310.43,761,94,871.0348661
310.435,795,94,871.0348668
310.44,848,98,871.0348668
310.445,758,97,871.0348673
310.45,894,99,871.0348678
310.455,859,98,871.0348671
310.46,818,93,871.0348675
310.465,837,100,871.0348681
310.47,831,97,871.0348693
310.475,807,98,871.0348684
310.48,794,99,871.034868
310.485,848,98,871.0348685
310.49,841,98,871.0348687
310.495,801,99,871.0348691
310.5,869,99,871.0348651
310.505,861,97,871.0348661
310.51,780,95,871.0348633
310.515,843,97,871.0348629
310.52,719,92,871.0348638
310.525,784,96,871.034866
310.53,783,97,871.0348661
310.535,813,99,871.0348649
310.54,753,95,871.0348659
310.545,772,96,871.0348642
310.55,803,94,871.034866
310.555,821,99,871.034864
310.56,883,97,871.0348661
310.565,817,97,871.0348659
310.57,779,96,871.0348663
310.575,802,99,871.034866
310.58,765,95,871.0348659
310.585,757,94,871.0348632
310.59,751,99,871.0348632
310.595,788,97,871.0348654
310.6,777,98,871.0348659
310.605,783,98,871.0348658
310.61,733,95,871.0348647
310.615,733,98,871.0348661
310.62,826,100,871.0348658
310.625,806,99,871.0348644
310.63,819,99,871.0348641
310.635,808,96,871.034864
310.64,775,93,871.034864
310.645,833,98,871.0348645
310.65,867,99,871.0348647
310.655,834,100,871.0348651
310.66,856,100,871.0348654
310.665,810,99,871.0348656
310.67,817,98,871.0348647
310.675,781,99,871.0348646
310.68,783,98,871.0348649
310.685,808,96,871.0348657
310.69,771,97,871.0348652
310.695,811,96,871.0348654
310.7,820,96,871.0348656
310.705,796,96,871.0348648
310.71,760,97,871.0348648
310.715,865,98,871.0348653
310.72,835,99,871.0348657
310.725,783,96,871.0348662
310.73,801,99,871.0348658
310.735,781,95,871.0348648
310.74,786,96,871.0348646
310.745,777,95,871.0348655
310.75,741,96,871.0348655
310.755,780,96,871.0348657
310.76,762,99,871.0348655
310.765,695,95,871.034864
310.77,767,97,871.0348633
310.775,708,95,871.034866
310.78,750,93,871.0348662
310.785,767,97,871.0348659
310.79,807,99,871.0348643
310.795,716,97,871.0348661
310.8,755,96,871.0348662
310.805,771,97,871.0348657
310.81,752,95,871.034866
310.815,813,98,871.0348662
310.82,786,93,871.0348661
310.825,779,97,871.0348661
310.83,819,97,871.0348642
310.835,745,96,871.0348637
310.84,733,96,871.0348638
310.845,773,97,871.0348642
310.85,775,97,871.0348642
310.855,748,92,871.0348641
310.86,733,95,871.0348645
310.865,679,94,871.0348648
310.87,690,99,871.0348646
310.875,697,94,871.0348651
310.88,659,96,871.0348652
310.885,772,95,871.0348643
310.89,728,100,871.034864
310.895,681,93,871.0348643
310.9,689,96,871.034864
310.905,688,96,871.0348648
310.91,705,96,871.0348645
310.915,653,98,871.0348652
310.92,700,97,871.0348655
310.925,655,92,871.0348659
310.93,593,92,871.0348652
310.935,714,96,871.0348647
310.94,684,98,871.0348644
310.945,705,98,871.034864
310.95,757,96,871.0348635
310.955,775,95,871.0348661
310.96,696,93,871.0348664
310.965,740,96,871.0348657
310.97,725,94,871.034866
310.975,770,100,871.0348633
310.98,709,98,871.0348632
310.985,705,96,871.034864
310.99,663,99,871.0348648
310.995,681,98,871.0348641
311,639,95,871.0348645
311.005,636,96,871.0348649
311.01,729,96,871.0348654
311.015,694,97,871.0348654
311.02,684,97,871.0348653
311.025,763,98,871.0348657
311.03,747,94,871.034866
311.035,774,97,871.0348659
311.04,777,98,871.0348662
311.045,764,99,871.0348667
311.05,738,94,871.0348667
311.055,719,96,871.0348674
311.06,817,94,871.0348672
311.065,811,94,871.0348673
311.07,819,97,871.0348677
311.075,831,98,871.0348684
311.08,791,98,871.0348684
311.085,927,100,871.0348676
311.09,787,95,871.0348673
311.095,853,96,871.0348675
311.1,843,96,871.0348675
311.105,882,97,871.034869
311.11,813,97,871.0348696
311.115,954,99,871.0348657
311.12,932,98,871.0348669
311.125,1009,96,871.0348669
311.13,926,99,871.0348673
311.135,900,99,871.0348672
311.14,921,97,871.0348675
311.145,941,98,871.034867
311.15,961,97,871.034867
311.155,1005,98,871.0348672
311.16,976,99,871.0348668
311.165,929,95,871.0348669
311.17,1021,100,871.0348668
311.175,934,97,871.0348669
311.18,956,99,871.0348669
311.185,1013,100,871.034867
311.19,969,96,871.0348672
311.195,965,99,871.0348673
311.2,1001,99,871.0348671
311.205,956,95,871.034867
311.21,971,99,871.034867
311.215,1018,100,871.0348666
311.22,927,96,871.034867
311.225,917,99,871.0348669
311.23,930,97,871.0348668
311.235,954,99,871.0348668
311.24,1020,100,871.0348668
311.245,927,98,871.0348673
311.25,939,100,871.0348674
311.255,925,95,871.0348671
311.26,907,97,871.0348671
311.265,970,99,871.0348672
311.27,976,99,871.0348674
311.275,899,97,871.0348664
311.28,847,95,871.0348643
311.285,894,99,871.0348642
311.29,897,98,871.0348641
311.295,797,97,871.0348649
311.3,815,98,871.0348638
311.305,890,100,871.0348637
311.31,882,99,871.0348636
311.315,889,96,871.034867
311.32,906,98,871.0348671
311.325,899,98,871.0348672
311.33,908,99,871.0348668
311.335,822,95,871.0348669
311.34,924,95,871.0348671
311.345,894,98,871.034867
311.35,851,98,871.0348671
311.355,831,97,871.0348668
311.36,817,100,871.0348667
311.365,979,99,871.0348669
311.37,867,99,871.0348669
311.375,953,98,871.0348647
311.38,840,94,871.0348639
311.385,864,98,871.0348639
311.39,880,98,871.0348636
311.395,946,100,871.0348641
311.4,918,100,871.0348644
311.405,956,100,871.0348648
311.41,908,95,871.0348647
311.415,977,98,871.0348645
311.42,1015,98,871.0348645
311.425,922,95,871.0348655
311.43,986,98,871.0348662
311.435,942,97,871.0348666
311.44,980,98,871.0348657
311.445,960,99,871.0348663
311.45,955,99,871.0348674
311.455,911,98,871.0348685
311.46,891,98,871.0348683
311.465,1019,98,871.0348684
311.47,949,95,871.0348688
311.475,930,97,871.0348697
311.48,942,96,871.0348677
311.485,977,97,871.0348682
311.49,953,97,871.0348674
311.495,1010,98,871.0348665
311.5,996,99,871.0348661
311.505,973,100,871.0348663
311.51,952,98,871.0348661
311.515,966,97,871.0348658
311.52,1003,97,871.0348665
311.525,934,97,871.0348663
311.53,992,97,871.0348659
311.535,964,99,871.0348658
311.54,923,96,871.0348658
311.545,938,98,871.0348655
311.55,956,99,871.0348654
311.555,876,99,871.0348647
311.56,917,98,871.0348641
311.565,906,99,871.0348659
311.57,864,97,871.034867
311.575,917,100,871.034867
311.58,875,98,871.034867
311.585,769,98,871.0348666
311.59,800,96,871.0348669
311.595,771,98,871.0348666
311.6,768,97,871.0348668
311.605,815,96,871.034867
311.61,820,100,871.0348667
311.615,772,97,871.034864
311.62,765,96,871.0348641
311.625,809,98,871.0348641
311.63,807,99,871.0348654
311.635,854,98,871.0348656
311.64,882,99,871.0348659
311.645,859,97,871.0348661
311.65,868,98,871.0348659
311.655,887,99,871.034866
311.66,865,97,871.0348662
311.665,775,95,871.0348662
311.67,902,100,871.0348655
311.675,942,98,871.0348643
311.68,961,98,871.0348641
311.685,944,95,871.0348654
311.69,982,98,871.0348668
311.695,944,99,871.0348669
311.7,929,96,871.0348658
311.705,927,98,871.0348637
311.71,960,98,871.0348646
311.715,936,96,871.0348644
311.72,916,96,871.0348642
311.725,967,100,871.0348647
311.73,989,100,871.0348653
311.735,949,96,871.0348642
311.74,863,98,871.0348653
311.745,937,99,871.0348642
311.75,917,99,871.034865
311.755,928,96,871.0348658
311.76,946,97,871.0348666
311.765,854,96,871.034868
311.77,880,96,871.0348683
311.775,941,96,871.0348688
311.78,988,100,871.0348688
311.785,909,98,871.034869
311.79,933,97,871.0348678
311.795,946,97,871.0348687
311.8,986,97,871.0348669
311.805,893,99,871.0348669
311.81,925,97,871.0348644
311.815,989,99,871.034867
311.82,976,97,871.0348667
311.825,951,99,871.0348672
311.83,959,95,871.034867
311.835,993,96,871.0348672
311.84,1019,100,871.0348673
311.845,982,98,871.0348671
311.85,980,99,871.0348674
311.855,1014,99,871.0348672
311.86,950,97,871.0348673
311.865,917,98,871.0348674
311.87,937,98,871.0348674
311.875,977,99,871.034867
311.88,993,100,871.0348673
311.885,967,99,871.0348672
311.89,978,99,871.0348676
311.895,1012,98,871.0348673
311.9,1028,100,871.0348676
311.905,999,99,871.0348674
311.91,1011,98,871.0348674
311.915,993,98,871.0348674
311.92,958,97,871.0348672
311.925,932,96,871.0348672
311.93,931,98,871.034867
311.935,955,96,871.0348672
311.94,1008,100,871.0348671
311.945,1018,96,871.0348671
311.95,959,98,871.0348672
311.955,899,99,871.0348669
311.96,911,97,871.0348665
311.965,922,98,871.0348664
311.97,950,100,871.0348668
311.975,934,100,871.034867
311.98,835,95,871.0348668
311.985,935,99,871.0348668
311.99,913,97,871.034867
311.995,944,98,871.0348672
312,969,99,871.0348671
312.005,972,99,871.0348673
312.01,989,99,871.0348671
312.015,955,100,871.0348671
312.02,952,97,871.0348672
312.025,812,95,871.034867
312.03,914,100,871.0348672
312.035,958,100,871.034867
312.04,927,98,871.0348668
312.045,938,97,871.0348671
312.05,963,98,871.0348671
312.055,923,99,871.0348672
312.06,875,97,871.0348674
312.065,945,99,871.034867
312.07,913,98,871.0348673
312.075,892,97,871.0348671
312.08,983,98,871.0348668
312.085,938,99,871.0348669
312.09,846,97,871.0348669
312.095,865,99,871.0348668
312.1,868,99,871.0348671
312.105,938,98,871.0348669
312.11,916,98,871.0348669
312.115,869,97,871.0348666
312.12,868,98,871.0348645
312.125,849,98,871.0348659
312.13,889,98,871.0348642
312.135,896,98,871.034865
312.14,926,99,871.0348648
312.145,961,97,871.0348639
312.15,924,98,871.0348642
312.155,951,97,871.0348669
312.16,934,99,871.0348645
312.165,989,99,871.0348666
312.17,900,94,871.0348668
312.175,858,96,871.034867
312.18,924,99,871.0348672
312.185,945,98,871.0348671
312.19,945,100,871.034867
312.195,883,97,871.034867
312.2,918,97,871.0348668
312.205,883,98,871.0348676
312.21,922,98,871.0348672
312.215,957,99,871.0348672
312.22,878,98,871.0348673
312.225,1004,100,871.0348671
312.23,899,98,871.0348674
312.235,894,99,871.0348674
312.24,846,96,871.0348671
312.245,878,99,871.034867
312.25,897,98,871.0348675
312.255,875,100,871.0348673
312.26,858,97,871.0348674
312.265,941,98,871.0348672
312.27,941,97,871.0348673
312.275,919,99,871.0348671
312.28,910,99,871.0348671
312.285,917,98,871.034867
312.29,879,97,871.0348672
312.295,879,96,871.0348671
312.3,913,100,871.0348669
312.305,937,99,871.0348671
312.31,878,97,871.034867
312.315,873,98,871.0348667
312.32,918,97,871.0348671
312.325,941,99,871.0348672
312.33,859,97,871.0348671
312.335,911,97,871.0348672
312.34,854,94,871.0348672
312.345,935,98,871.034867
312.35,810,97,871.0348671
312.355,881,96,871.034867
312.36,832,99,871.0348668
312.365,823,96,871.034867
312.37,779,97,871.0348667
312.375,829,97,871.0348671
312.38,767,98,871.0348669
312.385,813,98,871.034867
312.39,797,98,871.0348665
312.395,808,99,871.0348637
312.4,774,99,871.0348652
312.405,827,99,871.0348661
312.41,808,98,871.0348644
312.415,825,99,871.034864
312.42,835,98,871.0348643
312.425,835,99,871.0348667
312.43,831,97,871.0348669
312.435,856,99,871.0348647
312.44,787,98,871.0348666
312.445,911,99,871.0348665
312.45,859,95,871.0348668
312.455,899,99,871.0348645
312.46,867,98,871.0348635
312.465,890,98,871.0348651
312.47,829,99,871.0348656
312.475,863,100,871.0348638
312.48,824,96,871.0348668
312.485,881,98,871.0348651
312.49,821,96,871.0348668
312.495,874,98,871.0348668
312.5,864,96,871.0348666
312.505,883,97,871.034867
312.51,865,97,871.0348667
312.515,865,97,871.0348666
312.52,878,97,871.034866
312.525,884,98,871.0348668
312.53,894,98,871.034867
312.535,850,98,871.0348668
312.54,864,96,871.0348669
312.545,835,98,871.034866
312.55,862,95,871.034864
312.555,840,98,871.034865
312.56,892,99,871.0348649
312.565,835,99,871.0348649
312.57,826,98,871.0348654
312.575,873,97,871.0348655
312.58,840,98,871.0348657
312.585,911,98,871.0348657
312.59,929,99,871.0348655
312.595,836,98,871.034865
312.6,841,96,871.0348645
312.605,927,99,871.0348644
312.61,861,95,871.034864
312.615,920,100,871.0348642
312.62,894,97,871.0348638
312.625,895,95,871.0348641
312.63,930,99,871.0348637
312.635,920,99,871.0348635
312.64,969,96,871.0348666
312.645,915,99,871.0348661
312.65,897,99,871.0348662
312.655,841,98,871.0348667
312.66,887,98,871.0348669
312.665,890,98,871.0348672
312.67,896,97,871.034867
312.675,836,94,871.034867
312.68,866,97,871.0348671
312.685,899,100,871.034867
312.69,837,95,871.0348671
312.695,876,97,871.0348671
312.7,823,99,871.0348674
312.705,871,99,871.0348669
312.71,851,99,871.034867
312.715,815,96,871.0348671
312.72,853,97,871.0348669
312.725,830,97,871.034867
312.73,811,98,871.0348638
312.735,867,99,871.0348653
312.74,884,99,871.0348656
312.745,874,97,871.0348662
312.75,847,94,871.0348663
312.755,906,96,871.0348665
312.76,875,99,871.0348665
312.765,894,99,871.0348675
312.77,873,97,871.0348672
312.775,848,93,871.0348681
312.78,899,98,871.0348669
312.785,892,93,871.0348664
312.79,869,97,871.0348654
312.795,890,96,871.0348645
312.8,868,98,871.0348636
312.805,938,98,871.0348665
312.81,962,99,871.0348665
312.815,933,97,871.0348666
312.82,881,98,871.0348668
312.825,895,100,871.0348661
312.83,859,97,871.0348649
312.835,977,100,871.0348667
312.84,890,98,871.0348641
312.845,906,98,871.0348655
312.85,871,98,871.0348639
312.855,914,99,871.0348638
312.86,949,99,871.0348645
312.865,882,98,871.0348647
312.87,859,96,871.0348646
312.875,853,98,871.0348647
312.88,942,99,871.034865
312.885,861,96,871.0348656
312.89,881,99,871.0348667
312.895,922,100,871.0348666
312.9,926,99,871.0348669
312.905,942,98,871.0348668
312.91,933,98,871.0348671
312.915,882,97,871.0348671
312.92,945,98,871.034867
312.925,918,96,871.0348668
312.93,964,100,871.0348671
312.935,850,95,871.0348671
312.94,882,95,871.0348671
312.945,965,99,871.0348673
312.95,940,96,871.0348674
312.955,968,100,871.0348675
312.96,950,99,871.0348674
312.965,1003,100,871.0348673
312.97,905,94,871.0348674
312.975,900,97,871.0348676
312.98,876,98,871.0348672
312.985,924,97,871.034867
312.99,900,97,871.034867
312.995,900,99,871.0348676
313,865,96,871.0348674
313.005,911,98,871.0348675
313.01,870,99,871.0348673
313.015,926,98,871.0348674
313.02,918,99,871.0348673
313.025,901,100,871.0348672
313.03,934,98,871.0348675
313.035,875,98,871.0348675
313.04,866,100,871.0348674
313.045,819,97,871.0348672
313.05,940,100,871.0348675
313.055,876,97,871.0348671
313.06,862,99,871.0348671
313.065,851,98,871.0348675
313.07,897,100,871.0348673
313.075,830,99,871.0348674
313.08,838,98,871.0348674
313.085,927,99,871.0348672
313.09,849,96,871.0348673
313.095,859,96,871.0348673
313.1,880,97,871.0348674
313.105,891,99,871.0348675
313.11,889,98,871.0348676
313.115,895,96,871.0348676
313.12,912,96,871.0348674
313.125,927,100,871.0348675
313.13,888,98,871.0348672
313.135,807,97,871.0348676
313.14,824,96,871.0348674
313.145,854,97,871.0348671
313.15,826,98,871.0348674
313.155,802,98,871.0348673
313.16,801,96,871.0348672
313.165,770,100,871.0348675
313.17,802,96,871.0348674
313.175,766,97,871.0348675
313.18,840,98,871.0348675
313.185,832,96,871.0348675
313.19,863,100,871.0348675
313.195,785,95,871.0348676
313.2,851,96,871.0348675
313.205,829,99,871.0348675
313.21,789,98,871.0348673
313.215,823,97,871.0348676
313.22,830,98,871.0348674
313.225,933,100,871.0348675
313.23,920,98,871.0348671
313.235,908,97,871.0348671
313.24,905,99,871.0348673
313.245,882,97,871.0348674
313.25,925,99,871.0348671
313.255,874,96,871.0348673
313.26,847,99,871.0348671
313.265,905,98,871.0348673
313.27,910,99,871.0348676
313.275,866,100,871.0348675
313.28,856,99,871.0348671
313.285,833,100,871.0348672
313.29,894,100,871.0348673
313.295,810,98,871.0348673
313.3,834,95,871.0348675
313.305,909,98,871.0348672
313.31,968,95,871.0348674
313.315,925,97,871.0348672
313.32,940,100,871.0348677
313.325,934,96,871.0348671
313.33,905,98,871.0348674
313.335,933,99,871.0348673
313.34,866,95,871.0348676
313.345,867,96,871.0348674
313.35,919,97,871.0348671
313.355,884,95,871.0348673
313.36,916,98,871.0348673
313.365,911,98,871.034867
313.37,895,96,871.0348673
313.375,881,99,871.0348673
313.38,917,100,871.0348675
313.385,961,98,871.0348678
313.39,986,98,871.0348673
313.395,958,99,871.0348677
313.4,866,97,871.0348675
313.405,915,98,871.0348675
313.41,983,99,871.0348673
313.415,912,98,871.0348675
313.42,960,98,871.0348677
313.425,954,99,871.0348675
313.43,889,98,871.0348676
313.435,919,96,871.0348675
313.44,936,98,871.0348677
313.445,907,98,871.0348675
313.45,918,96,871.0348675
313.455,890,97,871.0348676
313.46,902,96,871.0348673
313.465,922,97,871.0348673
313.47,929,99,871.0348676
313.475,1000,97,871.0348674
313.48,923,97,871.0348674
313.485,935,98,871.0348674
313.49,898,95,871.0348673
313.495,928,97,871.0348674
313.5,951,95,871.0348676
313.505,979,100,871.0348674
313.51,904,98,871.0348676
313.515,967,99,871.0348674
313.52,924,98,871.0348673
313.525,950,100,871.0348674
313.53,875,95,871.0348677
313.535,984,100,871.0348674
313.54,917,94,871.0348673
313.545,940,97,871.0348675
313.55,972,99,871.0348673
313.555,954,98,871.0348676
313.56,998,99,871.0348672
313.565,913,98,871.0348672
313.57,900,96,871.0348671
313.575,865,95,871.0348672
313.58,927,98,871.0348672
313.585,922,98,871.0348675
313.59,900,98,871.0348675
313.595,867,97,871.0348672
313.6,866,93,871.0348671
313.605,889,96,871.0348671
313.61,881,99,871.0348671
313.615,904,97,871.0348675
313.62,875,99,871.0348673
313.625,832,96,871.0348672
313.63,916,99,871.0348672
313.635,875,99,871.0348672
313.64,908,97,871.0348674
313.645,842,96,871.0348674
313.65,884,98,871.0348674
313.655,859,97,871.0348674
313.66,853,97,871.0348675
313.665,887,99,871.0348675
313.67,879,97,871.0348675
313.675,863,97,871.0348674
313.68,954,99,871.0348675
313.685,908,94,871.0348671
313.69,948,98,871.0348677
313.695,877,98,871.0348672
313.7,889,95,871.0348671
313.705,878,100,871.0348671
313.71,951,100,871.0348675
313.715,931,99,871.034867
313.72,957,97,871.0348675
313.725,925,97,871.0348675
313.73,962,99,871.0348675
313.735,945,98,871.0348672
313.74,932,99,871.0348675
313.745,875,97,871.0348675
313.75,859,96,871.0348674
313.755,893,98,871.034867
313.76,916,98,871.0348669
313.765,904,99,871.0348672
313.77,902,98,871.0348674
313.775,908,97,871.0348672
313.78,870,96,871.0348674
313.785,976,98,871.0348672
313.79,933,98,871.0348673
313.795,944,99,871.0348674
313.8,918,99,871.0348674
313.805,968,98,871.0348674
313.81,963,100,871.0348674
313.815,909,96,871.0348674
313.82,912,98,871.0348674
313.825,875,98,871.0348673
313.83,876,96,871.0348672
313.835,970,98,871.0348674
313.84,950,99,871.034867
313.845,893,96,871.0348672
313.85,1051,100,871.0348673
313.855,949,97,871.0348671
313.86,919,99,871.034867
313.865,862,96,871.0348668
313.87,901,98,871.034867
313.875,904,98,871.0348673
313.88,901,97,871.0348672
313.885,914,99,871.0348667
313.89,903,98,871.034867
313.895,871,96,871.034867
313.9,936,99,871.0348668
313.905,856,97,871.0348671
313.91,841,97,871.0348668
313.915,873,96,871.0348667
313.92,909,100,871.0348666
313.925,866,98,871.0348665
313.93,861,98,871.0348655
313.935,968,97,871.0348666
313.94,894,96,871.0348669
313.945,961,98,871.0348669
313.95,974,97,871.034867
313.955,975,100,871.034867
313.96,965,99,871.0348669
313.965,991,99,871.0348672
313.97,997,98,871.0348671
313.975,986,97,871.0348674
313.98,976,99,871.0348671
313.985,986,97,871.0348673
313.99,972,96,871.0348672
313.995,972,98,871.034867
314,879,97,871.0348672
314.005,969,99,871.034867
314.01,957,99,871.0348672
314.015,975,96,871.0348669
314.02,991,98,871.0348672
314.025,950,98,871.0348671
314.03,920,97,871.0348669
314.035,936,97,871.0348669
314.04,962,100,871.0348669
314.045,944,99,871.0348671
314.05,952,99,871.0348671
314.055,969,97,871.0348672
314.06,958,98,871.034867
314.065,918,98,871.034867
314.07,930,96,871.034867
314.075,887,97,871.0348672
314.08,917,95,871.034867
314.085,929,98,871.0348672
314.09,914,99,871.0348672
314.095,933,97,871.0348669
314.1,931,99,871.0348669
314.105,941,96,871.034867
314.11,856,97,871.0348671
314.115,880,99,871.0348667
314.12,950,99,871.0348668
314.125,928,99,871.0348665
314.13,868,98,871.0348672
314.135,948,97,871.0348671
314.14,908,96,871.0348671
314.145,924,99,871.0348672
314.15,935,100,871.034867
314.155,934,100,871.0348669
314.16,920,99,871.0348668
314.165,838,98,871.0348668
314.17,851,99,871.0348672
314.175,881,97,871.0348672
314.18,904,97,871.0348669
314.185,893,97,871.0348669
314.19,885,99,871.0348673
314.195,867,95,871.0348673
314.2,818,97,871.034867
314.205,919,100,871.0348672
314.21,830,98,871.0348671
314.215,799,95,871.0348671
314.22,807,99,871.0348669
314.225,789,99,871.0348671
314.23,840,97,871.0348672
314.235,759,97,871.034867
314.24,777,96,871.0348668
314.245,757,96,871.0348666
314.25,737,98,871.0348667
314.255,786,97,871.0348664
314.26,812,99,871.0348652
314.265,852,97,871.034866
314.27,849,98,871.0348648
314.275,816,98,871.0348654
314.28,836,99,871.0348665
314.285,918,97,871.0348669
314.29,845,95,871.034867
314.295,924,99,871.0348671
314.3,850,95,871.034867
314.305,823,98,871.0348671
314.31,840,96,871.0348671
314.315,854,98,871.034867
314.32,870,99,871.0348671
314.325,849,99,871.0348669
314.33,870,96,871.0348669
314.335,861,98,871.0348668
314.34,850,97,871.0348668
314.345,872,97,871.0348669
314.35,877,97,871.0348666
314.355,873,99,871.0348669
314.36,868,98,871.034867
314.365,885,98,871.0348667
314.37,904,98,871.0348668
314.375,994,99,871.0348666
314.38,931,97,871.0348667
314.385,918,97,871.0348668
314.39,970,99,871.0348665
314.395,926,96,871.0348669
314.4,924,99,871.0348667
314.405,915,100,871.0348667
314.41,906,97,871.0348668
314.415,980,99,871.0348667
314.42,886,93,871.0348667
314.425,935,98,871.0348668
314.43,871,96,871.034867
314.435,938,100,871.0348671
314.44,950,96,871.0348669
314.445,922,95,871.0348669
314.45,1040,100,871.0348669
314.455,947,99,871.0348667
314.46,945,98,871.0348665
314.465,927,95,871.0348647
314.47,951,98,871.0348663
314.475,980,99,871.0348666
314.48,988,100,871.0348667
314.485,940,97,871.0348667
314.49,896,98,871.0348667
314.495,923,99,871.0348667
314.5,896,96,871.0348665
314.505,904,100,871.0348666
314.51,926,98,871.0348665
314.515,942,98,871.0348665
314.52,952,97,871.0348666
314.525,943,99,871.0348668
314.53,906,100,871.0348653
314.535,970,100,871.0348664
314.54,1008,98,871.0348665
314.545,924,98,871.0348666
314.55,942,97,871.0348667
314.555,908,99,871.0348666
314.56,880,99,871.0348635
314.565,868,98,871.0348638
314.57,908,98,871.0348634
314.575,899,98,871.0348636
314.58,918,99,871.0348661
314.585,913,96,871.0348646
314.59,890,97,871.0348657
314.595,916,98,871.0348635
314.6,895,99,871.0348637
314.605,977,99,871.0348632
314.61,898,96,871.0348639
314.615,848,99,871.0348645
314.62,884,99,871.0348647
314.625,876,99,871.0348641
314.63,842,99,871.0348638
314.635,839,96,871.0348641
314.64,824,97,871.0348635
314.645,879,98,871.0348642
314.65,873,99,871.0348635
314.655,910,100,871.0348635
314.66,891,99,871.0348654
314.665,878,98,871.0348648
314.67,881,98,871.0348654
314.675,827,97,871.0348639
314.68,839,96,871.0348636
314.685,835,98,871.0348638
314.69,823,98,871.0348647
314.695,827,96,871.0348654
314.7,804,98,871.0348662
314.705,859,98,871.0348669
314.71,791,98,871.0348684
314.715,769,99,871.0348697
314.72,928,99,871.0348688
314.725,878,96,871.0348671
314.73,923,99,871.0348669
314.735,863,98,871.0348675
314.74,890,98,871.0348675
314.745,926,97,871.0348678
314.75,860,96,871.0348681
314.755,910,100,871.0348686
314.76,902,98,871.0348692
314.765,874,97,871.0348681
314.77,895,98,871.0348692
314.775,864,95,871.0348683
314.78,936,97,871.0348687
314.785,903,100,871.0348694
314.79,887,99,871.0348678
314.795,894,96,871.034867
314.8,852,98,871.0348677
314.805,944,100,871.0348674
314.81,922,100,871.0348678
314.815,842,97,871.0348672
314.82,860,98,871.0348669
314.825,865,97,871.0348671
314.83,886,97,871.0348668
314.835,875,99,871.0348676
314.84,851,96,871.0348677
314.845,825,92,871.0348685
314.85,900,97,871.0348687
314.855,922,98,871.0348696
314.86,941,97,871.0348685
314.865,1003,100,871.0348692
314.87,1078,99,871.0348673
314.875,953,99,871.0348669
314.88,987,99,871.0348675
314.885,1010,97,871.0348673
314.89,903,100,871.0348671
314.895,883,99,871.0348672
314.9,950,99,871.0348675
314.905,859,94,871.0348672
314.91,879,96,871.0348674
314.915,809,95,871.0348677
314.92,813,94,871.0348682
314.925,760,93,871.0348682
314.93,959,99,871.0348674
314.935,892,98,871.0348672
314.94,846,98,871.034866
314.945,839,96,871.0348642
314.95,879,98,871.0348636
314.955,872,96,871.0348662
314.96,872,100,871.0348665
314.965,880,97,871.034867
314.97,837,96,871.0348668
314.975,800,96,871.0348681
314.98,836,99,871.0348684
314.985,908,95,871.0348684
314.99,795,94,871.0348677
314.995,935,98,871.0348664
315,875,96,871.0348664
315.005,887,100,871.034866
315.01,830,99,871.034866
315.015,879,98,871.0348665
315.02,889,95,871.0348662
315.025,803,99,871.034868
315.03,857,96,871.034869
315.035,810,97,871.034869
315.04,919,97,871.0348688
315.045,900,97,871.034869
315.05,938,95,871.0348688
315.055,947,98,871.0348681
315.06,980,98,871.0348677
315.065,839,98,871.0348685
315.07,988,99,871.0348682
315.075,892,97,871.0348685
315.08,946,98,871.034869
315.085,1049,100,871.0348676
315.09,987,97,871.0348679
315.095,1050,97,871.0348676
315.1,950,95,871.0348667
315.105,946,98,871.0348655
315.11,1030,100,871.0348646
315.115,980,98,871.0348633
315.12,972,97,871.0348662
315.125,945,96,871.0348663
315.13,972,100,871.0348664
315.135,906,97,871.0348668
315.14,885,97,871.0348668
315.145,956,97,871.0348669
315.15,890,95,871.0348671
315.155,958,99,871.034867
315.16,956,96,871.0348676
315.165,863,97,871.034867
315.17,892,97,871.0348672
315.175,877,95,871.0348673
315.18,860,96,871.0348675
315.185,897,97,871.0348672
315.19,931,99,871.0348673
315.195,1017,99,871.0348672
315.2,994,97,871.0348673
315.205,928,97,871.0348674
315.21,956,95,871.0348672
315.215,911,94,871.0348675
315.22,1025,99,871.0348673
315.225,951,96,871.0348672
315.23,939,97,871.0348673
315.235,929,97,871.034867
315.24,961,96,871.0348671
315.245,931,95,871.0348671
315.25,917,98,871.0348673
315.255,830,98,871.0348673
315.26,891,97,871.0348673
315.265,845,96,871.034867
315.27,835,96,871.0348672
315.275,874,99,871.0348673
315.28,847,97,871.0348672
315.285,878,98,871.0348669
315.29,789,96,871.0348671
315.295,781,100,871.034867
315.3,870,98,871.0348669
315.305,844,95,871.0348673
315.31,877,98,871.0348671
315.315,873,97,871.0348673
315.32,935,99,871.0348671
315.325,939,96,871.0348672
315.33,969,97,871.0348671
315.335,1035,98,871.0348671
315.34,968,100,871.0348671
315.345,962,99,871.0348673
315.35,994,96,871.0348672
315.355,964,100,871.034867
315.36,925,97,871.0348398
