226,971,99,871.035132
226.005,959,100,871.0351316
226.01,813,100,871.0351318
226.015,908,99,871.0351316
226.02,974,99,871.0351322
226.025,953,100,871.0351316
226.03,907,100,871.0351316
226.035,828,97,871.0351319
226.04,936,98,871.0351316
226.045,738,100,871.0351317
226.05,881,100,871.0351318
226.055,816,98,871.0351321
226.06,681,98,871.035132
226.065,758,98,871.035132
226.07,984,99,871.0351318
226.075,931,100,871.0351316
226.08,837,99,871.0351319
226.085,934,100,871.0351319
226.09,1014,99,871.0351318
226.095,870,98,871.0351319
226.1,874,100,871.0351319
226.105,739,99,871.0351319
226.11,849,100,871.0351319
226.115,1030,100,871.0351316
226.12,1108,100,871.0351317
226.125,1126,100,871.0351319
226.13,1056,98,871.0351318
226.135,1097,100,871.0351318
226.14,977,100,871.0351321
226.145,1036,100,871.0351315
226.15,795,98,871.035132
226.155,835,99,871.0351317
226.16,913,100,871.0351316
226.165,832,100,871.0351319
226.17,953,99,871.0351318
226.175,953,100,871.0351317
226.18,1057,100,871.0351319
226.185,911,100,871.0351318
226.19,1000,100,871.0351315
226.195,982,100,871.0351318
226.2,944,100,871.0351317
226.205,977,99,871.0351318
226.21,1192,100,871.0351318
226.215,1150,100,871.0351313
226.22,1036,98,871.0351318
226.225,1002,99,871.035132
226.23,1233,100,871.0351316
226.235,1115,100,871.0351319
226.24,1015,100,871.0351316
226.245,1027,98,871.0351319
226.25,1119,99,871.035132
226.255,1002,100,871.0351321
226.26,949,98,871.0351317
226.265,1100,100,871.0351318
226.27,1119,99,871.0351317
226.275,1061,100,871.0351316
226.28,1133,100,871.0351318
226.285,1091,99,871.0351318
226.29,1089,100,871.0351318
226.295,1006,99,871.0351318
226.3,940,100,871.0351317
226.305,1007,100,871.0351315
226.31,946,98,871.0351316
226.315,1004,100,871.0351317
226.32,1003,100,871.0351318
226.325,1063,100,871.0351319
226.33,895,98,871.0351318
226.335,889,99,871.035132
226.34,883,99,871.035132
226.345,956,99,871.0351317
226.35,960,99,871.0351318
226.355,965,99,871.0351318
226.36,982,100,871.0351317
226.365,1086,99,871.0351315
226.37,1119,100,871.0351317
226.375,1082,100,871.0351317
226.38,960,98,871.0351316
226.385,939,100,871.035132
226.39,946,98,871.035132
226.395,818,98,871.0351319
226.4,899,99,871.0351319
226.405,955,100,871.0351317
226.41,1027,100,871.0351319
226.415,897,100,871.0351319
226.42,873,100,871.0351317
226.425,937,99,871.0351319
226.43,953,99,871.0351319
226.435,961,100,871.035132
226.44,983,100,871.0351318
226.445,917,98,871.0351321
226.45,988,100,871.0351317
226.455,818,98,871.0351318
226.46,906,100,871.0351318
226.465,957,100,871.035132
226.47,972,99,871.0351319
226.475,953,100,871.035132
226.48,975,100,871.0351318
226.485,1115,100,871.0351314
226.49,1139,100,871.0351318
226.495,1044,97,871.0351319
226.5,1012,100,871.035132
226.505,1173,99,871.0351319
226.51,1059,100,871.0351318
226.515,1086,100,871.0351319
226.52,1161,100,871.0351317
226.525,1132,100,871.0351321
226.53,986,98,871.0351323
226.535,972,100,871.0351316
226.54,1077,99,871.0351314
226.545,961,100,871.0351318
226.55,1114,100,871.0351322
226.555,1165,100,871.0351319
226.56,1062,100,871.035132
226.565,1102,100,871.035132
226.57,1033,100,871.035132
226.575,961,100,871.0351318
226.58,977,100,871.035132
226.585,999,100,871.0351316
226.59,1218,99,871.0351319
226.595,964,100,871.0351318
226.6,921,99,871.0351318
226.605,1042,100,871.0351317
226.61,1129,100,871.0351317
226.615,1065,100,871.0351318
226.62,1050,100,871.0351318
226.625,847,98,871.0351314
226.63,849,100,871.0351317
226.635,941,100,871.0351316
226.64,931,100,871.0351317
226.645,999,100,871.0351316
226.65,1176,99,871.0351319
226.655,1126,100,871.0351319
226.66,1088,100,871.0351317
226.665,1092,98,871.0351316
226.67,1044,99,871.0351316
226.675,1008,99,871.0351318
226.68,1053,100,871.035132
226.685,1045,100,871.0351317
226.69,959,100,871.0351317
226.695,964,98,871.0351318
226.7,1039,100,871.0351316
226.705,958,100,871.0351317
226.71,1143,100,871.0351319
226.715,1056,100,871.0351317
226.72,956,98,871.0351318
226.725,1072,100,871.0351318
226.73,1053,100,871.0351319
226.735,1033,100,871.0351319
226.74,893,100,871.0351315
226.745,980,100,871.0351319
226.75,943,97,871.0351321
226.755,972,100,871.0351321
226.76,883,100,871.0351317
226.765,975,99,871.0351318
226.77,1072,100,871.0351316
226.775,986,100,871.0351318
226.78,957,100,871.035132
226.785,1013,100,871.0351315
226.79,991,100,871.0351316
226.795,964,98,871.0351312
226.8,1036,100,871.0351315
226.805,934,100,871.0351314
226.81,1052,100,871.0351318
226.815,1083,99,871.0351318
226.82,1055,100,871.0351315
226.825,1126,100,871.0351318
226.83,1024,99,871.0351318
226.835,973,100,871.035132
226.84,1098,100,871.0351317
226.845,1079,99,871.0351316
226.85,1109,100,871.0351321
226.855,850,99,871.0351319
226.86,1050,100,871.0351317
226.865,1034,100,871.0351318
226.87,993,100,871.0351317
226.875,1074,100,871.0351318
226.88,1064,100,871.0351316
226.885,1025,100,871.035132
226.89,1096,100,871.035132
226.895,1048,100,871.0351317
226.9,1078,99,871.0351319
226.905,1072,100,871.0351317
226.91,929,98,871.0351319
226.915,939,100,871.035132
226.92,1111,100,871.0351318
226.925,990,99,871.0351323
226.93,986,99,871.0351318
226.935,945,99,871.0351316
226.94,916,99,871.0351317
226.945,891,99,871.0351318
226.95,902,99,871.0351318
226.955,925,99,871.0351319
226.96,846,100,871.035132
226.965,1016,100,871.0351317
226.97,960,100,871.0351318
226.975,929,99,871.0351317
226.98,856,99,871.0351319
226.985,1059,100,871.0351321
226.99,890,100,871.0351314
226.995,1015,100,871.0351314
227,912,99,871.0351316
227.005,1049,99,871.0351318
227.01,1100,100,871.0351319
227.015,1114,100,871.0351322
227.02,1144,99,871.035132
227.025,1157,100,871.0351321
227.03,1129,100,871.0351319
227.035,1174,100,871.0351318
227.04,1008,99,871.0351317
227.045,1136,99,871.0351316
227.05,1127,100,871.0351318
227.055,1033,100,871.035132
227.06,1154,100,871.0351316
227.065,1053,100,871.0351319
227.07,1050,100,871.0351316
227.075,1096,100,871.0351317
227.08,1136,100,871.0351317
227.085,1030,100,871.0351316
227.09,950,99,871.035132
227.095,956,100,871.0351316
227.1,1006,99,871.0351321
227.105,1058,100,871.035132
227.11,1029,99,871.0351318
227.115,981,100,871.0351317
227.12,1057,99,871.0351318
227.125,879,99,871.0351317
227.13,942,99,871.0351318
227.135,853,98,871.0351319
227.14,894,99,871.035132
227.145,945,100,871.0351318
227.15,859,99,871.0351317
227.155,954,99,871.0351317
227.16,1036,100,871.0351317
227.165,987,99,871.0351316
227.17,927,100,871.035132
227.175,973,99,871.0351315
227.18,983,100,871.035132
227.185,1009,100,871.0351318
227.19,917,100,871.0351318
227.195,964,99,871.0351319
227.2,1041,100,871.0351318
227.205,1006,99,871.0351317
227.21,980,100,871.0351315
227.215,935,100,871.0351319
227.22,948,100,871.0351315
227.225,928,100,871.0351316
227.23,801,99,871.0351319
227.235,993,100,871.0351317
227.24,939,100,871.035132
227.245,811,100,871.0351318
227.25,783,99,871.0351319
227.255,1001,100,871.0351319
227.26,852,98,871.0351318
227.265,902,100,871.0351316
227.27,888,98,871.0351319
227.275,889,99,871.0351318
227.28,968,98,871.0351317
227.285,862,100,871.0351319
227.29,859,100,871.0351317
227.295,768,99,871.0351318
227.3,827,100,871.0351318
227.305,963,98,871.0351318
227.31,991,100,871.035132
227.315,960,98,871.0351316
227.32,950,100,871.0351318
227.325,1002,100,871.0351317
227.33,1115,99,871.0351317
227.335,996,100,871.0351319
227.34,1008,100,871.0351316
227.345,883,100,871.035132
227.35,839,100,871.0351317
227.355,873,100,871.0351322
227.36,900,100,871.0351318
227.365,956,100,871.0351317
227.37,1003,100,871.0351316
227.375,1088,100,871.0351317
227.38,920,100,871.0351318
227.385,1008,99,871.0351318
227.39,1133,100,871.0351318
227.395,920,97,871.0351322
227.4,1014,99,871.0351319
227.405,966,100,871.035132
227.41,1024,100,871.0351317
227.415,945,100,871.0351318
227.42,853,98,871.0351316
227.425,815,97,871.0351318
227.43,959,100,871.0351317
227.435,959,99,871.0351316
227.44,1023,100,871.0351317
227.445,934,99,871.0351317
227.45,838,100,871.0351315
227.455,761,99,871.0351317
227.46,743,100,871.0351319
227.465,805,100,871.0351321
227.47,1080,100,871.0351318
227.475,1041,100,871.0351319
227.48,957,100,871.0351317
227.485,1083,100,871.0351319
227.49,929,99,871.035132
227.495,941,99,871.035132
227.5,961,99,871.0351317
227.505,0,0,871.0351315
227.51,0,0,871.0351319
227.515,953,99,871.035132
227.52,876,98,871.0351318
227.525,895,99,871.0351319
227.53,998,100,871.0351319
227.535,841,98,871.0351318
227.54,917,100,871.0351319
227.545,1021,100,871.0351319
227.55,1067,98,871.0351318
227.555,1148,99,871.0351319
227.56,1075,99,871.035132
227.565,971,100,871.0351319
227.57,1016,99,871.0351321
227.575,1009,98,871.0351318
227.58,944,100,871.0351316
227.585,926,98,871.035132
227.59,974,100,871.035132
227.595,989,100,871.0351317
227.6,1033,98,871.0351318
227.605,856,100,871.0351318
227.61,963,100,871.035132
227.615,964,99,871.0351315
227.62,970,100,871.0351316
227.625,931,100,871.0351318
227.63,876,99,871.0351315
227.635,830,100,871.0351321
227.64,847,98,871.0351318
227.645,909,99,871.0351318
227.65,952,99,871.035132
227.655,912,99,871.0351319
227.66,900,99,871.0351317
227.665,994,100,871.0351317
227.67,953,98,871.0351321
227.675,1034,100,871.0351316
227.68,997,99,871.0351317
227.685,995,99,871.0351319
227.69,1067,100,871.0351316
227.695,1017,100,871.0351322
227.7,1016,100,871.0351319
227.705,913,99,871.0351318
227.71,1083,100,871.0351317
227.715,1010,100,871.0351315
227.72,901,99,871.035132
227.725,945,99,871.0351318
227.73,869,99,871.035132
227.735,842,98,871.0351317
227.74,889,100,871.0351317
227.745,843,100,871.0351319
227.75,741,100,871.0351317
227.755,897,100,871.0351316
227.76,805,99,871.0351317
227.765,987,100,871.035132
227.77,950,100,871.0351318
227.775,940,99,871.0351316
227.78,1012,100,871.0351315
227.785,907,99,871.035132
227.79,1051,100,871.0351319
227.795,902,100,871.0351317
227.8,1000,100,871.0351317
227.805,931,99,871.0351319
227.81,930,100,871.0351316
227.815,930,100,871.0351318
227.82,922,99,871.0351318
227.825,1107,100,871.0351318
227.83,1124,100,871.0351316
227.835,1031,100,871.035132
227.84,1107,100,871.0351319
227.845,1103,100,871.0351317
227.85,1005,99,871.0351318
227.855,970,100,871.0351317
227.86,1062,100,871.0351316
227.865,1072,100,871.0351317
227.87,1183,100,871.035132
227.875,1045,100,871.0351318
227.88,970,100,871.035132
227.885,1096,100,871.0351316
227.89,1127,99,871.0351318
227.895,1123,100,871.035132
227.9,1022,100,871.0351315
227.905,1100,100,871.0351319
227.91,1062,100,871.0351321
227.915,972,99,871.0351321
227.92,1071,100,871.0351319
227.925,1087,99,871.0351317
227.93,939,99,871.0351319
227.935,1018,100,871.0351321
227.94,923,100,871.0351317
227.945,1048,100,871.0351317
227.95,1030,100,871.0351317
227.955,1129,99,871.0351319
227.96,1144,99,871.0351318
227.965,1181,100,871.035132
227.97,1034,100,871.0351316
227.975,1152,100,871.0351316
227.98,1060,98,871.0351319
227.985,995,98,871.0351317
227.99,1028,99,871.0351318
227.995,947,99,871.0351316
228,873,99,871.0351316
228.005,1011,100,871.035132
228.01,847,100,871.0351321
228.015,892,100,871.0351322
228.02,920,100,871.0351317
228.025,1027,98,871.035132
228.03,1099,99,871.0351318
228.035,1042,99,871.0351319
228.04,978,100,871.0351317
228.045,963,100,871.0351319
228.05,1062,100,871.0351317
228.055,907,99,871.0351317
228.06,939,99,871.0351318
228.065,884,99,871.0351318
228.07,961,100,871.0351317
228.075,892,98,871.0351319
228.08,783,99,871.0351319
228.085,849,100,871.0351315
228.09,729,98,871.0351317
228.095,846,100,871.0351316
228.1,841,100,871.0351317
228.105,812,100,871.0351318
228.11,768,99,871.0351319
228.115,885,99,871.0351321
228.12,1013,99,871.0351319
228.125,1046,100,871.035132
228.13,1125,100,871.035132
228.135,1070,99,871.0351316
228.14,1053,100,871.0351318
228.145,988,100,871.0351319
228.15,975,100,871.0351316
228.155,956,97,871.0351319
228.16,912,100,871.0351316
228.165,934,99,871.0351321
228.17,881,99,871.0351317
228.175,1042,100,871.0351319
228.18,1037,100,871.0351315
228.185,1055,100,871.0351316
228.19,1002,100,871.0351321
228.195,1064,99,871.035132
228.2,1166,99,871.0351318
228.205,1204,99,871.0351319
228.21,1172,100,871.0351319
228.215,1040,99,871.0351316
228.22,1074,99,871.0351316
228.225,1075,100,871.0351321
228.23,1029,100,871.0351317
228.235,1014,97,871.0351316
228.24,1141,99,871.0351317
228.245,992,97,871.0351321
228.25,1159,100,871.035132
228.255,1081,100,871.035132
228.26,914,100,871.035132
228.265,983,99,871.0351318
228.27,1034,100,871.0351321
228.275,928,99,871.0351318
228.28,917,99,871.0351316
228.285,956,100,871.0351319
228.29,1002,100,871.0351319
228.295,911,99,871.0351319
228.3,1015,100,871.0351316
228.305,1022,98,871.0351315
228.31,1099,100,871.0351318
228.315,1023,100,871.0351319
228.32,869,99,871.0351319
228.325,1035,100,871.0351317
228.33,1085,99,871.0351319
228.335,1033,99,871.0351317
228.34,990,99,871.035132
228.345,954,100,871.0351317
228.35,952,100,871.0351316
228.355,1054,100,871.0351317
228.36,930,100,871.0351318
228.365,970,100,871.0351317
228.37,878,100,871.0351319
228.375,1061,99,871.0351318
228.38,935,100,871.0351318
228.385,845,98,871.0351317
228.39,1053,100,871.035132
228.395,1100,99,871.0351321
228.4,1146,100,871.0351319
228.405,1072,100,871.0351315
228.41,1038,100,871.0351314
228.415,1018,100,871.0351317
228.42,1136,100,871.0351316
228.425,1006,99,871.0351318
228.43,965,100,871.0351318
228.435,1075,99,871.035132
228.44,1106,100,871.035132
228.445,919,100,871.035132
228.45,1000,98,871.0351317
228.455,942,100,871.0351317
228.46,1003,100,871.0351316
228.465,799,98,871.0351317
228.47,974,100,871.0351317
228.475,905,99,871.0351317
228.48,927,99,871.0351317
228.485,933,100,871.0351322
228.49,855,99,871.0351318
228.495,1002,99,871.035132
228.5,938,100,871.0351318
228.505,1033,100,871.0351316
228.51,1065,100,871.0351315
228.515,1157,100,871.0351315
228.52,1088,99,871.0351321
228.525,1086,99,871.0351316
228.53,1230,99,871.0351321
228.535,1076,99,871.0351319
228.54,1049,100,871.0351317
228.545,1128,100,871.0351321
228.55,1053,100,871.0351318
228.555,1086,100,871.0351317
228.56,1101,100,871.0351317
228.565,1036,99,871.0351316
228.57,997,98,871.0351317
228.575,1027,100,871.0351318
228.58,1047,100,871.0351318
228.585,1080,100,871.0351317
228.59,879,99,871.0351321
228.595,915,98,871.0351318
228.6,983,100,871.0351317
228.605,950,99,871.0351321
228.61,1044,100,871.0351318
228.615,989,99,871.0351316
228.62,1162,100,871.0351318
228.625,1007,99,871.0351315
228.63,942,100,871.0351315
228.635,979,100,871.0351317
228.64,957,100,871.0351318
228.645,1049,100,871.0351316
228.65,1041,100,871.0351317
228.655,960,100,871.035132
228.66,908,100,871.0351318
228.665,916,99,871.035132
228.67,977,99,871.0351317
228.675,920,99,871.0351319
228.68,942,98,871.0351316
228.685,981,100,871.035132
228.69,830,99,871.0351315
228.695,827,99,871.0351318
228.7,952,99,871.0351317
228.705,1081,100,871.0351317
228.71,1042,100,871.0351316
228.715,1027,98,871.0351316
228.72,964,99,871.0351317
228.725,999,98,871.035132
228.73,992,100,871.0351317
228.735,991,100,871.0351318
228.74,864,99,871.0351319
228.745,996,100,871.0351317
228.75,862,99,871.0351319
228.755,914,100,871.0351316
228.76,911,98,871.0351318
228.765,977,99,871.0351322
228.77,958,99,871.0351314
228.775,960,100,871.0351317
228.78,934,100,871.0351317
228.785,854,100,871.0351317
228.79,862,98,871.0351321
228.795,885,100,871.0351319
228.8,833,100,871.0351319
228.805,722,99,871.0351318
228.81,889,100,871.0351314
228.815,884,100,871.0351315
228.82,971,98,871.0351317
228.825,1066,99,871.0351317
228.83,1019,100,871.0351318
228.835,840,98,871.0351317
228.84,957,99,871.0351317
228.845,914,100,871.0351318
228.85,754,96,871.0351316
228.855,976,100,871.0351317
228.86,1025,100,871.0351318
228.865,972,100,871.0351316
228.87,928,99,871.0351321
228.875,887,97,871.0351317
228.88,911,99,871.0351315
228.885,898,100,871.0351316
228.89,891,99,871.0351318
228.895,937,100,871.0351315
228.9,883,100,871.0351314
228.905,901,100,871.0351321
228.91,977,100,871.0351319
228.915,1042,100,871.0351316
228.92,1028,99,871.0351318
228.925,967,99,871.0351314
228.93,996,100,871.0351321
228.935,953,100,871.035132
228.94,869,100,871.0351318
228.945,1099,100,871.0351318
228.95,1022,100,871.0351319
228.955,931,100,871.0351315
228.96,932,100,871.0351319
228.965,1006,100,871.0351318
228.97,1001,100,871.0351318
228.975,911,100,871.0351318
228.98,936,100,871.0351318
228.985,902,99,871.0351317
228.99,870,98,871.0351321
228.995,825,100,871.0351317
229,922,100,871.0351316
229.005,956,100,871.0351318
229.01,884,99,871.0351318
229.015,904,99,871.0351322
229.02,972,100,871.0351318
229.025,948,100,871.0351318
229.03,1107,100,871.0351321
229.035,1122,100,871.0351318
229.04,1043,100,871.035132
229.045,1131,100,871.0351319
229.05,938,100,871.0351324
229.055,1107,100,871.0345716
229.06,0,0,871.0351318
229.065,0,0,871.0351314
229.07,0,0,871.0351316
229.075,0,0,871.0351313
229.08,877,99,871.0351318
229.085,880,100,871.0351314
229.09,891,100,871.0351314
229.095,834,100,871.0351314
229.1,721,97,871.0351317
229.105,835,100,871.0351318
229.11,821,99,871.0351314
229.115,915,100,871.0351315
229.12,887,99,871.0351314
229.125,848,100,871.0351317
229.13,792,100,871.0351314
229.135,774,99,871.0351316
229.14,794,99,871.0351315
229.145,793,100,871.0351316
229.15,814,99,871.0351316
229.155,984,100,871.0351314
229.16,953,100,871.0351316
229.165,874,98,871.0351314
229.17,904,100,871.0351313
229.175,908,98,871.0351316
229.18,922,98,871.0351315
229.185,961,100,871.0351311
229.19,779,96,871.0351317
229.195,812,100,871.0351318
229.2,939,99,871.0351313
229.205,1055,99,871.0351313
229.21,1002,100,871.0351317
229.215,939,100,871.0351316
229.22,928,99,871.0351311
229.225,993,100,871.0351316
229.23,1008,99,871.0351314
229.235,963,100,871.0351315
229.24,886,100,871.0351315
229.245,934,100,871.0351317
229.25,923,100,871.0351316
229.255,910,100,871.0351313
229.26,964,100,871.0351318
229.265,940,100,871.0351316
229.27,875,99,871.0351316
229.275,902,100,871.0351316
229.28,902,100,871.0351315
229.285,864,100,871.0351315
229.29,904,99,871.0351316
229.295,822,99,871.0351316
229.3,815,99,871.0351317
229.305,930,100,871.0351317
229.31,1010,100,871.0351313
229.315,840,100,871.0351314
229.32,893,98,871.0351314
229.325,917,100,871.0351314
229.33,868,100,871.0351314
229.335,1024,98,871.0351315
229.34,903,99,871.0351318
229.345,1039,100,871.0351316
229.35,1072,100,871.0351314
229.355,1130,99,871.0351317
229.36,1072,100,871.0351315
229.365,937,100,871.0351317
229.37,964,100,871.0351317
229.375,887,100,871.0351316
229.38,900,97,871.0351316
229.385,1017,100,871.0351314
229.39,981,100,871.0351315
229.395,906,100,871.0351314
229.4,990,99,871.0351313
229.405,873,100,871.0351313
229.41,925,98,871.0351316
229.415,975,99,871.0351316
229.42,948,99,871.0351312
229.425,836,100,871.035131
229.43,864,98,871.0351317
229.435,807,98,871.0351315
229.44,827,100,871.0351317
229.445,960,100,871.0351317
229.45,937,99,871.0351316
229.455,971,98,871.0351315
229.46,986,99,871.0351313
229.465,915,100,871.0351315
229.47,884,99,871.0351316
229.475,947,100,871.0351317
229.48,922,100,871.0351314
229.485,954,99,871.0351315
229.49,956,100,871.0351314
229.495,936,99,871.0351315
229.5,878,99,871.0351313
229.505,940,100,871.0351317
229.51,869,98,871.0351315
229.515,888,100,871.0351315
229.52,1024,100,871.0351316
229.525,1017,100,871.0351314
229.53,950,99,871.0351317
229.535,995,100,871.0351315
229.54,936,100,871.0351313
229.545,955,99,871.0351318
229.55,938,100,871.0351318
229.555,935,100,871.0351316
229.56,987,99,871.0351316
229.565,932,99,871.0351316
229.57,879,97,871.0351317
229.575,861,100,871.0351316
229.58,747,100,871.0351315
229.585,722,99,871.0351316
229.59,845,99,871.0351318
229.595,919,100,871.0351317
229.6,805,100,871.0351315
229.605,884,99,871.0351314
229.61,842,100,871.0351314
229.615,899,99,871.0351318
229.62,984,99,871.0351315
229.625,933,100,871.0351315
229.63,891,98,871.0351314
229.635,981,100,871.0351313
229.64,891,99,871.0351315
229.645,1019,100,871.0351317
229.65,999,100,871.0351316
229.655,1011,100,871.0351317
229.66,1089,100,871.0351313
229.665,1085,100,871.0351319
229.67,1040,100,871.0351315
229.675,1054,100,871.0351318
229.68,980,99,871.0351318
229.685,1038,97,871.0351315
229.69,1038,100,871.0351318
229.695,1089,100,871.0351313
229.7,1149,100,871.0351317
229.705,1045,100,871.0351316
229.71,1046,99,871.0351316
229.715,1000,100,871.0351314
229.72,1053,100,871.0351317
229.725,1047,99,871.0351315
229.73,1001,99,871.0351316
229.735,953,100,871.0351316
229.74,998,100,871.0351314
229.745,1048,100,871.0351315
229.75,1025,100,871.0351311
229.755,1030,99,871.0351313
229.76,1016,100,871.0351315
229.765,1018,99,871.0351314
229.77,1002,100,871.0351315
229.775,1044,100,871.0351315
229.78,1108,100,871.0351313
229.785,1065,100,871.0351317
229.79,1022,100,871.0351317
229.795,939,99,871.0351315
229.8,885,98,871.0351314
229.805,963,98,871.0351314
229.81,901,98,871.0351314
229.815,1011,100,871.0351315
229.82,928,99,871.0351316
229.825,873,99,871.0351315
229.83,911,100,871.0351315
229.835,936,99,871.0351318
229.84,904,100,871.0351318
229.845,1052,100,871.0351317
229.85,921,99,871.0351313
229.855,822,100,871.0351315
229.86,838,99,871.0351314
229.865,814,100,871.0351317
229.87,873,99,871.0351318
229.875,815,100,871.0351313
229.88,879,100,871.0351315
229.885,818,99,871.0351317
229.89,810,98,871.0351316
229.895,810,99,871.0351315
229.9,749,97,871.0351315
229.905,736,98,871.0351311
229.91,706,99,871.0351314
229.915,694,100,871.0351315
229.92,729,100,871.0351312
229.925,766,100,871.0351314
229.93,705,98,871.0351317
229.935,746,98,871.0351315
229.94,725,98,871.0351317
229.945,719,99,871.0351315
229.95,743,99,871.0351316
229.955,761,100,871.0351318
229.96,792,98,871.0351316
229.965,801,99,871.0351315
229.97,795,98,871.0351316
229.975,716,97,871.0351318
229.98,693,97,871.0351316
229.985,714,98,871.0351319
229.99,707,100,871.0351314
229.995,799,98,871.0351314
230,818,96,871.0351315
230.005,859,98,871.0351314
230.01,778,100,871.0351315
230.015,827,96,871.0351315
230.02,773,97,871.0351316
230.025,773,95,871.0351315
230.03,805,98,871.0351315
230.035,768,100,871.0351315
230.04,680,90,871.0351316
230.045,761,98,871.0351317
230.05,781,97,871.0351316
230.055,803,99,871.0351318
230.06,797,96,871.0351317
230.065,855,96,871.0351313
230.07,895,97,871.0351315
230.075,897,99,871.0351314
230.08,761,94,871.0351315
230.085,853,96,871.0351316
230.09,861,98,871.0351315
230.095,853,97,871.0351317
230.1,864,97,871.0351315
230.105,875,99,871.0351313
230.11,947,98,871.0351314
230.115,948,98,871.0351315
230.12,886,96,871.0351316
230.125,920,100,871.0351314
230.13,942,100,871.0351315
230.135,867,100,871.0351317
230.14,891,95,871.0351315
230.145,954,99,871.0351316
230.15,907,98,871.0351317
230.155,830,98,871.0351314
230.16,822,93,871.0351315
230.165,916,98,871.0351317
230.17,867,94,871.0351318
230.175,813,95,871.0351313
230.18,859,94,871.0351315
230.185,822,91,871.0351316
230.19,794,89,871.0351315
230.195,711,83,871.0351312
230.2,696,90,871.0351312
230.205,789,92,871.0351316
230.21,801,93,871.0351316
230.215,737,87,871.0351318
230.22,858,88,871.0351316
230.225,823,91,871.0351319
230.23,716,91,871.0351316
230.235,821,93,871.0351315
230.24,806,94,871.0351317
230.245,750,88,871.0351317
230.25,935,95,871.0351318
230.255,894,92,871.0351315
230.26,927,93,871.0351313
230.265,876,92,871.0351317
230.27,906,91,871.0351315
230.275,902,97,871.0351314
230.28,889,93,871.0351317
230.285,817,93,871.0351318
230.29,870,100,871.0351316
230.295,923,96,871.0351316
230.3,935,96,871.0351316
230.305,925,99,871.0351315
230.31,919,99,871.0351313
230.315,918,100,871.0351315
230.32,1009,100,871.0351316
230.325,907,100,871.0351316
230.33,1035,100,871.0351316
230.335,1007,98,871.0351316
230.34,1006,99,871.0351316
230.345,960,99,871.0351315
230.35,933,100,871.0351314
230.355,952,99,871.0351315
230.36,914,100,871.0351322
230.365,900,98,871.0351315
230.37,941,99,871.0351317
230.375,943,100,871.0351315
230.38,951,99,871.0351316
230.385,865,98,871.0351316
230.39,955,98,871.0351314
230.395,891,100,871.0351313
230.4,835,96,871.0351316
230.405,967,99,871.0351316
230.41,975,99,871.0351314
230.415,939,100,871.0351314
230.42,935,99,871.0351314
230.425,1006,100,871.0351313
230.43,1003,100,871.0351315
230.435,933,99,871.0351311
230.44,982,99,871.0351315
230.445,928,100,871.0351316
230.45,992,99,871.0351316
230.455,954,100,871.0351315
230.46,1038,100,871.0351315
230.465,982,99,871.0351317
230.47,884,98,871.0351313
230.475,830,99,871.0351317
230.48,903,99,871.0351314
230.485,997,98,871.0351316
230.49,925,99,871.0351318
230.495,1008,100,871.0351318
230.5,1007,100,871.0351317
230.505,942,98,871.0351316
230.51,967,97,871.0351312
230.515,997,99,871.0351314
230.52,1041,100,871.0351317
230.525,1006,99,871.0351316
230.53,1008,100,871.0351316
230.535,968,100,871.0351317
230.54,1035,100,871.0351315
230.545,996,100,871.0351315
230.55,1053,100,871.0351316
230.555,980,98,871.0351316
230.56,962,99,871.0351316
230.565,920,99,871.0351315
230.57,959,100,871.0351318
230.575,1027,100,871.0351315
230.58,0,0,871.0351315
230.585,0,0,871.0351317
230.59,863,98,871.0351315
230.595,884,99,871.0351314
230.6,864,98,871.0351317
230.605,882,100,871.0351316
230.61,866,99,871.0351317
230.615,893,99,871.0351313
230.62,907,100,871.0351316
230.625,985,100,871.0351317
230.63,966,100,871.0351317
230.635,1017,99,871.0351315
230.64,942,100,871.0351315
230.645,926,100,871.0351314
230.65,923,100,871.0351317
230.655,868,100,871.0351317
230.66,987,100,871.0351319
230.665,949,100,871.0351316
230.67,935,99,871.0351313
230.675,925,100,871.0351315
230.68,996,100,871.0351318
230.685,948,99,871.0351315
230.69,979,100,871.0351317
230.695,978,100,871.0351315
230.7,981,98,871.0351314
230.705,978,99,871.0351316
230.71,965,99,871.0351317
230.715,988,100,871.0351314
230.72,981,100,871.0351316
230.725,1013,100,871.0351317
230.73,1007,100,871.0351316
230.735,1009,100,871.0351316
230.74,1036,99,871.0351316
230.745,887,100,871.0351319
230.75,890,98,871.035132
230.755,817,98,871.0351314
230.76,797,100,871.0351316
230.765,850,99,871.0351314
230.77,873,100,871.0351315
230.775,820,99,871.0351315
230.78,831,99,871.0351315
230.785,843,99,871.0351316
230.79,800,99,871.0351316
230.795,820,99,871.0351317
230.8,841,99,871.0351318
230.805,999,98,871.0351318
230.81,1031,99,871.0351317
230.815,911,100,871.0351315
230.82,953,100,871.0351318
230.825,933,100,871.0351316
230.83,958,98,871.0351315
230.835,986,100,871.0351317
230.84,969,100,871.0351317
230.845,838,100,871.0351316
230.85,938,100,871.0351313
230.855,891,99,871.0351316
230.86,849,98,871.0351315
230.865,780,100,871.0351317
230.87,850,100,871.0351317
230.875,889,98,871.0351317
230.88,916,99,871.0351319
230.885,830,99,871.0351316
230.89,806,100,871.0351316
230.895,892,99,871.0351316
230.9,872,99,871.0351317
230.905,869,99,871.0351315
230.91,952,100,871.0351312
230.915,980,100,871.0351314
230.92,960,97,871.0351314
230.925,944,100,871.0351318
230.93,981,98,871.0351314
230.935,904,100,871.0351315
230.94,933,100,871.0351315
230.945,994,100,871.0351316
230.95,977,100,871.0351319
230.955,979,99,871.0351319
230.96,963,100,871.0351319
230.965,1075,100,871.0351316
230.97,1088,100,871.0351316
230.975,1064,100,871.0351316
230.98,1095,100,871.0351316
230.985,1187,100,871.0351317
230.99,1135,98,871.0351316
230.995,1182,100,871.0351317
231,1217,99,871.0351316
231.005,1181,99,871.0351318
231.01,1195,99,871.0351322
231.015,1157,99,871.0351317
231.02,1170,99,871.0351318
231.025,1169,100,871.0351317
231.03,1176,100,871.0351318
231.035,1158,99,871.0351315
231.04,1073,100,871.0351319
231.045,1137,100,871.0351318
231.05,1152,100,871.0351316
231.055,1118,100,871.0351319
231.06,1019,100,871.0351318
231.065,1016,99,871.0351318
231.07,1020,100,871.0351314
231.075,991,99,871.0351315
231.08,965,100,871.0351315
231.085,968,99,871.0351317
231.09,950,100,871.0351316
231.095,1037,99,871.0351316
231.1,959,99,871.0351316
231.105,1022,100,871.0351315
231.11,971,100,871.0351321
231.115,1036,99,871.0351316
231.12,974,100,871.0351316
231.125,1046,100,871.0351316
231.13,954,100,871.0351314
231.135,913,100,871.0351317
231.14,909,100,871.0351316
231.145,864,99,871.0351317
231.15,897,100,871.0351316
231.155,899,100,871.0351318
231.16,860,99,871.0351316
231.165,964,99,871.0351319
231.17,848,100,871.0351311
231.175,839,98,871.0351317
231.18,842,100,871.0351318
231.185,788,100,871.0351319
231.19,735,97,871.0351316
231.195,754,100,871.0351318
231.2,794,98,871.0351314
231.205,766,99,871.0351316
231.21,858,100,871.0351318
231.215,804,100,871.0351319
231.22,862,99,871.0351317
231.225,797,99,871.0351318
231.23,753,98,871.0351317
231.235,787,99,871.0351317
231.24,755,100,871.0351314
231.245,708,98,871.0351317
231.25,741,97,871.0351316
231.255,709,99,871.0351318
231.26,785,100,871.0351315
231.265,787,100,871.0351316
231.27,820,100,871.0351317
231.275,766,98,871.035132
231.28,800,100,871.0351315
231.285,782,100,871.0351317
231.29,821,98,871.0351318
231.295,820,99,871.035132
231.3,825,99,871.0351315
231.305,770,98,871.0351316
231.31,878,100,871.0351317
231.315,864,99,871.0351317
231.32,917,100,871.0351319
231.325,900,100,871.0351316
231.33,940,100,871.0351318
231.335,921,100,871.0351317
231.34,990,100,871.0351316
231.345,1011,100,871.0351316
231.35,976,99,871.0351316
231.355,1010,100,871.0351318
231.36,941,100,871.0351318
231.365,924,99,871.0351316
231.37,884,100,871.0351319
231.375,868,99,871.0351315
231.38,890,100,871.0351316
231.385,903,100,871.0351316
231.39,861,99,871.0351316
231.395,892,100,871.0351317
231.4,839,100,871.0351315
231.405,901,100,871.0351317
231.41,892,100,871.0351318
231.415,851,99,871.0351317
231.42,907,98,871.0351317
231.425,930,99,871.0351314
231.43,923,100,871.0351318
231.435,881,100,871.0351317
231.44,831,100,871.035132
231.445,914,100,871.0351314
231.45,818,99,871.0351318
231.455,926,99,871.0351317
231.46,976,100,871.0351318
231.465,930,100,871.035132
231.47,945,100,871.0351318
231.475,935,100,871.0351313
231.48,949,99,871.0351318
231.485,1036,99,871.0351318
231.49,1012,99,871.0351315
231.495,1092,99,871.0351321
231.5,1069,99,871.0351316
231.505,1083,100,871.0351318
231.51,1169,100,871.0351317
231.515,1036,100,871.0351313
231.52,1112,100,871.0351317
231.525,1073,99,871.0351317
231.53,1040,100,871.0351318
231.535,970,99,871.0351316
231.54,967,99,871.0351315
231.545,967,100,871.0351317
231.55,923,99,871.0351317
231.555,988,100,871.0351317
231.56,1007,100,871.0351316
231.565,966,99,871.0351316
231.57,1055,100,871.0351318
231.575,942,100,871.0351316
231.58,1001,99,871.0351319
231.585,949,100,871.0351316
231.59,1037,100,871.0351318
231.595,1054,99,871.0351318
231.6,1025,100,871.0351316
231.605,1034,100,871.035132
231.61,1055,100,871.0351317
231.615,956,99,871.0351315
231.62,893,99,871.0351314
231.625,868,98,871.0351314
231.63,831,98,871.0351319
231.635,868,97,871.0351316
231.64,972,100,871.0351315
231.645,939,100,871.0351319
231.65,972,99,871.0351318
231.655,1016,100,871.0351312
231.66,1010,100,871.0351317
231.665,940,100,871.0351315
231.67,972,99,871.0351316
231.675,871,99,871.0351317
231.68,836,98,871.0351315
231.685,919,100,871.0351315
231.69,837,100,871.0351317
231.695,935,100,871.0351316
231.7,894,99,871.0351316
231.705,847,98,871.0351315
231.71,949,99,871.0351315
231.715,824,97,871.0351316
231.72,881,100,871.0351315
231.725,866,100,871.0351317
231.73,937,99,871.0351319
231.735,859,100,871.0351318
231.74,872,99,871.0351316
231.745,874,100,871.0351318
231.75,926,100,871.0351316
231.755,946,100,871.0351318
231.76,979,100,871.0351319
231.765,1016,100,871.0351317
231.77,1062,100,871.0351314
231.775,1081,100,871.0351317
231.78,1016,99,871.0351318
231.785,902,98,871.035132
231.79,878,100,871.0351316
231.795,860,99,871.0351316
231.8,875,98,871.0351318
231.805,946,100,871.0351316
231.81,989,99,871.0351316
231.815,885,99,871.0351316
231.82,886,99,871.0351316
231.825,877,98,871.0351318
231.83,904,100,871.0351317
231.835,926,100,871.0351317
231.84,922,99,871.0351319
231.845,895,99,871.0351318
231.85,840,99,871.0351317
231.855,882,100,871.0351316
231.86,854,100,871.0351317
231.865,839,100,871.0351317
231.87,868,100,871.0351316
231.875,831,100,871.0351316
231.88,882,100,871.0351318
231.885,848,100,871.0351318
231.89,942,99,871.0351316
231.895,947,99,871.0351318
231.9,922,98,871.0351319
231.905,963,100,871.0351316
231.91,936,100,871.0351317
231.915,979,99,871.0351317
231.92,876,100,871.0351318
231.925,787,95,871.0351317
231.93,884,100,871.0351316
231.935,864,100,871.0351321
231.94,862,98,871.0351317
231.945,943,100,871.0351315
231.95,888,99,871.0351317
231.955,882,100,871.0351317
231.96,961,100,871.0351315
231.965,892,100,871.0351317
231.97,889,100,871.0351319
231.975,929,99,871.0351317
231.98,905,99,871.0351317
231.985,962,100,871.0351316
231.99,948,100,871.0351317
231.995,911,100,871.0351316
232,886,97,871.0351317
232.005,858,100,871.0351319
232.01,835,100,871.0351316
232.015,852,99,871.0351317
232.02,865,100,871.0351319
232.025,887,99,871.0351317
232.03,854,98,871.035132
232.035,894,100,871.0351319
232.04,892,100,871.0351314
232.045,872,98,871.0351316
232.05,904,100,871.0351318
232.055,893,100,871.0351314
232.06,930,100,871.0351316
232.065,1024,100,871.035132
232.07,982,100,871.0351318
232.075,958,100,871.0351316
232.08,892,98,871.0351319
232.085,977,98,871.0351316
232.09,946,100,871.0351318
232.095,863,99,871.0351316
232.1,851,98,871.0351316
232.105,952,100,871.0351319
232.11,995,100,871.0351316
232.115,993,99,871.0351316
232.12,980,100,871.0351317
232.125,973,99,871.0351318
232.13,996,98,871.0351314
232.135,1072,100,871.035132
232.14,1131,100,871.0351318
232.145,1024,98,871.0351315
232.15,1075,99,871.0351316
232.155,972,97,871.0351318
232.16,1016,100,871.0351319
232.165,987,99,871.0351317
232.17,891,100,871.0351316
232.175,983,100,871.0351316
232.18,948,99,871.0351319
232.185,992,97,871.0351318
232.19,951,98,871.0351315
232.195,1020,100,871.0351315
232.2,884,98,871.0351318
232.205,937,98,871.0351317
232.21,995,99,871.0351317
232.215,888,97,871.0351317
232.22,967,100,871.0351319
232.225,995,100,871.0351318
232.23,913,99,871.0351319
232.235,858,99,871.0351319
232.24,870,100,871.0351319
232.245,859,100,871.0351317
232.25,874,97,871.0351317
232.255,849,99,871.0351318
232.26,761,98,871.0351319
232.265,853,99,871.0351317
232.27,901,100,871.035132
232.275,893,100,871.0351316
232.28,769,98,871.0351316
232.285,813,99,871.0351317
232.29,809,97,871.0351319
232.295,867,99,871.0351318
232.3,763,97,871.0351318
232.305,827,100,871.0351316
232.31,855,97,871.0351318
232.315,851,100,871.0351319
232.32,837,100,871.0351318
232.325,893,99,871.0351318
232.33,854,100,871.0351314
232.335,841,99,871.0351321
232.34,882,98,871.0351316
232.345,903,100,871.035132
232.35,969,100,871.0351319
232.355,959,99,871.0351319
232.36,959,98,871.0351317
232.365,938,100,871.0351319
232.37,904,99,871.0351318
232.375,811,100,871.0351315
232.38,816,98,871.0351317
232.385,798,98,871.0351317
232.39,838,99,871.035132
232.395,727,98,871.0351319
232.4,786,98,871.0351318
232.405,808,98,871.0351317
232.41,826,99,871.0351318
232.415,880,98,871.0351318
232.42,811,99,871.0351316
232.425,876,100,871.0351314
232.43,968,100,871.0351316
232.435,876,100,871.0351318
232.44,838,100,871.0351316
232.445,885,100,871.0351317
232.45,921,98,871.0351318
232.455,862,100,871.0351318
232.46,944,100,871.0351318
232.465,904,100,871.035132
232.47,878,99,871.0351319
232.475,993,99,871.0351317
232.48,1008,100,871.0351318
232.485,1058,99,871.0351319
232.49,1009,100,871.0351317
232.495,1046,99,871.035132
232.5,1036,100,871.0351316
232.505,1067,100,871.0351315
232.51,1047,99,871.0351319
232.515,966,99,871.0351319
232.52,1050,100,871.0351317
232.525,981,99,871.0351319
232.53,1081,100,871.0351316
232.535,1032,100,871.035132
232.54,1047,99,871.0351318
232.545,1044,98,871.035132
232.55,957,99,871.0351319
232.555,992,100,871.0351318
232.56,874,100,871.0351317
232.565,954,100,871.0351319
232.57,1017,100,871.0351317
232.575,922,100,871.0351315
232.58,905,100,871.0351319
232.585,965,100,871.0351319
232.59,933,100,871.035132
232.595,917,99,871.0351316
232.6,872,100,871.0351317
232.605,925,100,871.0351318
232.61,885,100,871.0351318
232.615,863,98,871.0351316
232.62,833,97,871.0351319
232.625,781,99,871.0351318
232.63,810,100,871.0351317
232.635,850,99,871.035132
232.64,803,98,871.0351315
232.645,863,100,871.0351318
232.65,814,100,871.0351319
232.655,813,98,871.0351317
232.66,843,99,871.0351317
232.665,911,99,871.0351321
232.67,894,100,871.0351319
232.675,881,100,871.035132
232.68,918,99,871.0351316
232.685,862,100,871.035132
232.69,992,100,871.0351317
232.695,907,100,871.0351318
232.7,977,100,871.0351316
232.705,920,99,871.0351317
232.71,838,100,871.0351318
232.715,820,100,871.0351319
232.72,806,99,871.035132
232.725,764,100,871.0351319
232.73,868,99,871.0351318
232.735,861,100,871.035132
232.74,895,98,871.0351321
232.745,886,100,871.0351317
232.75,897,100,871.0351316
232.755,972,97,871.0351319
232.76,954,100,871.0351319
232.765,983,100,871.0351318
232.77,932,99,871.0351317
232.775,908,100,871.035132
232.78,966,99,871.0351318
232.785,1030,100,871.0351319
232.79,932,100,871.0351317
232.795,975,100,871.0351316
232.8,973,100,871.0351316
232.805,977,98,871.0351317
232.81,998,99,871.0351317
232.815,973,100,871.035132
232.82,884,99,871.0351317
232.825,946,100,871.0351321
232.83,948,100,871.0351316
232.835,1006,100,871.0351317
232.84,987,100,871.0351319
232.845,902,100,871.0351316
232.85,955,98,871.0351318
232.855,916,100,871.0351318
232.86,897,100,871.0351317
232.865,916,100,871.0351319
232.87,927,97,871.0351319
232.875,998,100,871.0351318
232.88,974,100,871.0351319
232.885,906,99,871.0351319
232.89,942,100,871.0351321
232.895,1014,100,871.0351319
232.9,915,98,871.0351318
232.905,917,99,871.0351318
232.91,957,99,871.0351318
232.915,970,98,871.0351319
232.92,1001,100,871.0351317
232.925,988,99,871.035132
232.93,1014,99,871.0351319
232.935,1018,99,871.0351319
232.94,1019,100,871.0351317
232.945,1061,100,871.035132
232.95,1026,98,871.0351322
232.955,1001,98,871.0351315
232.96,960,100,871.035132
232.965,962,100,871.0351318
232.97,897,98,871.035132
232.975,992,100,871.0351318
232.98,884,100,871.035132
232.985,977,100,871.0351317
232.99,935,99,871.0351318
232.995,917,97,871.0351317
233,1004,99,871.0351319
233.005,979,100,871.0351315
233.01,1044,100,871.0351317
233.015,1134,100,871.0351319
233.02,1111,100,871.0351322
233.025,1090,99,871.035132
233.03,1141,100,871.035132
233.035,1130,99,871.0351318
233.04,992,100,871.0351318
233.045,1063,100,871.0351319
233.05,1007,99,871.0351315
233.055,975,97,871.035132
233.06,965,99,871.0351317
233.065,942,99,871.0351322
233.07,939,100,871.035132
233.075,949,100,871.0351316
233.08,998,100,871.0351318
233.085,930,99,871.035132
233.09,855,99,871.0351318
233.095,805,100,871.0351317
233.1,789,99,871.0351318
233.105,806,100,871.0351321
233.11,842,99,871.0351319
233.115,800,100,871.0351317
233.12,1023,100,871.0351318
233.125,959,100,871.0351316
233.13,912,99,871.035132
233.135,904,98,871.035132
233.14,915,99,871.0351317
233.145,973,99,871.0351318
233.15,1036,99,871.035132
233.155,1053,99,871.0351318
233.16,936,99,871.0351321
233.165,855,98,871.0351319
233.17,858,98,871.0351319
233.175,874,100,871.0351319
233.18,866,100,871.0351317
233.185,754,98,871.0351318
233.19,761,99,871.0351317
233.195,801,99,871.0351315
233.2,792,98,871.035132
233.205,803,98,871.0351318
233.21,836,100,871.0351321
233.215,824,98,871.0351322
233.22,836,99,871.0351317
233.225,870,100,871.0351319
233.23,897,100,871.0351318
233.235,802,99,871.0351317
233.24,854,99,871.0351319
233.245,869,97,871.0351319
233.25,873,100,871.0351319
233.255,860,99,871.035132
233.26,862,99,871.0351318
233.265,739,99,871.0351321
233.27,794,98,871.0351319
233.275,799,99,871.0351316
233.28,775,98,871.035132
233.285,786,100,871.035132
233.29,768,99,871.0351319
233.295,829,100,871.035132
233.3,914,100,871.035132
233.305,800,100,871.035132
233.31,885,97,871.0351318
233.315,916,100,871.0351321
233.32,971,99,871.0351319
233.325,833,100,871.0351318
233.33,800,100,871.035132
233.335,800,100,871.035132
233.34,843,99,871.0351318
233.345,730,98,871.0351321
233.35,863,100,871.0351319
233.355,946,99,871.0351319
233.36,912,99,871.0351319
233.365,979,99,871.0351322
233.37,956,99,871.0351315
233.375,1072,100,871.0351319
233.38,1002,100,871.0351319
233.385,1003,100,871.0351316
233.39,1012,100,871.0351318
233.395,1066,99,871.0351316
233.4,1002,99,871.0351318
233.405,1038,100,871.035132
233.41,1015,100,871.0351321
233.415,941,100,871.035132
233.42,1001,99,871.0351318
233.425,984,100,871.0351318
233.43,900,99,871.0351317
233.435,969,99,871.0351316
233.44,980,100,871.0351315
233.445,993,100,871.0351321
233.45,909,100,871.0351315
233.455,957,100,871.0351319
233.46,977,99,871.0351315
233.465,914,100,871.0351321
233.47,919,100,871.0351318
233.475,807,97,871.0351318
233.48,816,100,871.0351317
233.485,885,100,871.0351321
233.49,876,100,871.0351321
233.495,822,98,871.0351318
233.5,837,99,871.035132
233.505,927,99,871.0351319
233.51,940,99,871.0351315
233.515,971,98,871.035132
233.52,871,99,871.0351318
233.525,939,100,871.0351318
233.53,871,97,871.0351319
233.535,844,100,871.0351317
233.54,923,99,871.0351321
233.545,849,99,871.0351318
233.55,892,100,871.0351319
233.555,904,100,871.0351317
233.56,919,99,871.035132
233.565,897,99,871.0351324
233.57,919,100,871.0351316
233.575,784,98,871.0351325
233.58,869,100,871.0351319
233.585,802,98,871.0351322
233.59,900,99,871.0351319
233.595,963,100,871.0351321
233.6,920,100,871.0351322
233.605,839,100,871.0351318
233.61,851,99,871.0351321
233.615,854,99,871.0351321
233.62,763,96,871.0351321
233.625,845,100,871.0351321
233.63,877,100,871.0351319
233.635,933,100,871.0351317
233.64,913,100,871.035132
233.645,876,100,871.0351319
233.65,951,100,871.0351321
233.655,997,99,871.0351316
233.66,899,99,871.0351319
233.665,934,99,871.0351319
233.67,973,98,871.035132
233.675,994,100,871.0351318
233.68,953,100,871.0351319
233.685,1034,99,871.035132
233.69,1037,99,871.035132
233.695,922,100,871.0351321
233.7,998,99,871.035132
233.705,984,100,871.0351317
233.71,994,100,871.035132
233.715,977,98,871.035132
233.72,948,100,871.035132
233.725,986,99,871.0351319
233.73,900,99,871.0351319
233.735,936,100,871.0351319
233.74,883,100,871.0351322
233.745,920,100,871.0351321
233.75,978,100,871.035132
233.755,940,100,871.0351319
233.76,1018,100,871.0351321
233.765,896,100,871.0351319
233.77,942,99,871.0351319
233.775,898,100,871.0351318
233.78,905,99,871.0351319
233.785,951,100,871.0351319
233.79,895,99,871.0351321
233.795,865,100,871.0351321
233.8,907,100,871.0351319
233.805,989,100,871.035132
233.81,924,99,871.0351321
233.815,909,100,871.0351318
233.82,902,98,871.0351316
233.825,837,99,871.035132
233.83,941,98,871.0351319
233.835,817,100,871.0351316
233.84,864,100,871.0351319
233.845,846,99,871.035132
233.85,833,99,871.0351322
233.855,880,100,871.0351318
233.86,897,100,871.0351319
233.865,774,100,871.035132
233.87,848,100,871.0351317
233.875,828,98,871.035132
233.88,940,100,871.0351322
233.885,980,100,871.0351321
233.89,937,100,871.0351321
233.895,940,97,871.0351317
233.9,987,100,871.0351317
233.905,963,99,871.0351317
233.91,1102,100,871.0351319
233.915,1118,100,871.0351317
233.92,1035,98,871.0351319
233.925,1031,100,871.0351322
233.93,1018,100,871.0351322
233.935,1036,99,871.0351319
233.94,1056,99,871.0351317
233.945,1084,100,871.0351319
233.95,1029,100,871.0351317
233.955,1057,100,871.035132
233.96,1044,100,871.0351324
233.965,880,100,871.035132
233.97,932,98,871.0351317
233.975,902,100,871.0351319
233.98,959,100,871.0351318
233.985,926,100,871.0351322
233.99,972,100,871.0351321
233.995,900,99,871.035132
234,890,99,871.035132
234.005,1012,100,871.0351323
234.01,993,100,871.0351322
234.015,920,100,871.035132
234.02,900,99,871.0351323
234.025,891,99,871.0351319
234.03,917,100,871.0351318
234.035,824,100,871.0351319
234.04,894,100,871.0351318
234.045,893,100,871.035132
234.05,823,99,871.0351317
234.055,865,99,871.0351317
234.06,907,100,871.035132
234.065,801,99,871.0351321
234.07,928,100,871.0351319
234.075,866,99,871.0351318
234.08,783,100,871.035132
234.085,878,95,871.0351322
234.09,828,100,871.035132
234.095,851,100,871.0351319
234.1,818,99,871.035132
234.105,792,99,871.035132
234.11,800,99,871.0351319
234.115,833,98,871.0351321
234.12,859,100,871.0351321
234.125,838,99,871.0351319
234.13,935,100,871.0351322
234.135,895,99,871.0351321
234.14,854,100,871.0351322
234.145,888,100,871.0351322
234.15,898,100,871.0351319
234.155,897,97,871.0351321
234.16,1010,99,871.0351317
234.165,837,100,871.0351321
234.17,863,98,871.035132
234.175,821,99,871.0351322
234.18,884,98,871.035132
234.185,906,100,871.0351318
234.19,933,100,871.0351318
234.195,871,99,871.0351322
234.2,876,98,871.035132
234.205,918,99,871.035132
234.21,795,99,871.0351323
234.215,889,98,871.0351317
234.22,861,100,871.035132
234.225,918,100,871.0351323
234.23,980,99,871.035132
234.235,875,100,871.0351322
234.24,972,98,871.035132
234.245,996,99,871.035132
234.25,987,98,871.035132
234.255,938,98,871.0351322
234.26,978,100,871.035132
234.265,874,97,871.0351322
234.27,951,100,871.0351322
234.275,882,99,871.035132
234.28,883,97,871.0351321
234.285,872,99,871.035132
234.29,857,95,871.0351322
234.295,905,97,871.0351322
234.3,897,99,871.035132
234.305,923,99,871.035132
234.31,850,94,871.0351323
234.315,953,98,871.0351322
234.32,953,99,871.035132
234.325,887,98,871.0351321
234.33,867,99,871.035132
234.335,995,99,871.0351317
234.34,925,99,871.035132
234.345,941,97,871.0351323
234.35,930,100,871.0351319
234.355,1052,97,871.0351322
234.36,1065,99,871.0351321
234.365,1003,98,871.0351318
234.37,981,99,871.0351321
234.375,1025,99,871.0351319
234.38,1042,100,871.0351323
234.385,944,100,871.0351321
234.39,966,97,871.0351321
234.395,944,99,871.0351319
234.4,959,97,871.0351322
234.405,984,99,871.035132
234.41,920,99,871.035132
234.415,922,96,871.0351323
234.42,966,98,871.035132
234.425,891,96,871.0351322
234.43,919,95,871.0351321
234.435,925,96,871.0351322
234.44,874,96,871.0351321
234.445,881,96,871.0351318
234.45,886,94,871.0351321
234.455,929,98,871.0351319
234.46,902,96,871.0351322
234.465,893,91,871.0351322
234.47,932,92,871.0351321
234.475,945,93,871.035132
234.48,946,96,871.0351321
234.485,941,97,871.0351321
234.49,905,92,871.0351321
234.495,941,98,871.0351321
234.5,968,98,871.0351319
234.505,878,95,871.035132
234.51,974,95,871.0351318
234.515,899,92,871.0351319
234.52,957,96,871.0351319
234.525,898,97,871.0351323
234.53,959,99,871.0351322
234.535,964,99,871.0351319
234.54,923,98,871.035132
234.545,917,100,871.0351321
234.55,856,99,871.0351318
234.555,788,95,871.0351319
234.56,806,100,871.0351321
234.565,821,97,871.035132
234.57,849,100,871.0351321
234.575,799,98,871.0351319
234.58,898,99,871.0351321
234.585,965,100,871.0351319
234.59,881,99,871.0351323
234.595,884,99,871.0351319
234.6,882,98,871.0351321
234.605,794,100,871.0351318
234.61,788,97,871.0351321
234.615,801,100,871.035132
234.62,810,100,871.0351322
234.625,838,99,871.0351321
234.63,864,97,871.0351318
234.635,880,99,871.0351318
234.64,879,99,871.0351321
234.645,998,100,871.0351319
234.65,960,100,871.0351321
234.655,938,100,871.0351321
234.66,928,99,871.0351325
234.665,987,100,871.0351322
234.67,1020,99,871.0351321
234.675,928,98,871.0351323
234.68,1033,100,871.0351319
234.685,949,100,871.0351319
234.69,1050,98,871.0351319
234.695,1004,100,871.0351321
234.7,1024,100,871.0351318
234.705,1092,100,871.035132
234.71,982,99,871.0351321
234.715,930,100,871.0351319
234.72,1036,99,871.0351319
234.725,937,100,871.0351319
234.73,923,100,871.0351321
234.735,946,98,871.0351319
234.74,967,100,871.0351318
234.745,890,98,871.0351324
234.75,885,99,871.035132
234.755,926,99,871.0351319
234.76,965,99,871.0351321
234.765,909,98,871.0351323
234.77,923,100,871.0351325
234.775,929,99,871.0351322
234.78,922,99,871.0351322
234.785,1023,100,871.0351321
234.79,958,99,871.0351319
234.795,956,100,871.0351319
234.8,915,100,871.0351318
234.805,953,99,871.035132
234.81,894,98,871.035132
234.815,849,98,871.0351319
234.82,918,100,871.035132
234.825,890,100,871.0351322
234.83,934,100,871.0351322
234.835,906,98,871.0351322
234.84,937,99,871.0351319
234.845,893,100,871.0351318
234.85,871,98,871.0351318
234.855,803,96,871.0351324
234.86,832,99,871.0351319
234.865,881,100,871.0351322
234.87,900,98,871.0351321
234.875,920,99,871.0351319
234.88,957,100,871.0351317
234.885,899,99,871.0351317
234.89,890,100,871.0351322
234.895,795,100,871.0351321
234.9,941,100,871.0351319
234.905,920,98,871.0351319
234.91,849,98,871.035132
234.915,857,100,871.0351323
234.92,851,99,871.0351321
234.925,891,99,871.035132
234.93,907,99,871.0351321
234.935,909,100,871.035132
234.94,892,99,871.035132
234.945,902,97,871.0351319
234.95,849,98,871.0351321
234.955,848,97,871.0351321
234.96,849,97,871.0351318
234.965,888,100,871.0351319
234.97,914,100,871.035132
234.975,857,100,871.0351321
234.98,842,96,871.0351322
234.985,835,98,871.0351317
234.99,934,100,871.0351321
234.995,883,100,871.0351321
235,893,100,871.0351319
235.005,855,100,871.0351322
235.01,847,100,871.0351321
235.015,868,100,871.0351321
235.02,812,100,871.0351318
235.025,748,99,871.0351322
235.03,800,100,871.0351319
235.035,806,99,871.0351322
235.04,756,100,871.0351319
235.045,845,99,871.035132
235.05,883,99,871.0351318
235.055,844,99,871.0351319
235.06,904,100,871.0351319
235.065,820,99,871.0351319
235.07,842,97,871.0351318
235.075,957,100,871.035132
235.08,810,97,871.0351319
235.085,923,100,871.0351321
235.09,879,99,871.035132
235.095,837,99,871.0351322
235.1,843,98,871.0351319
235.105,965,100,871.035132
235.11,929,100,871.0351322
235.115,885,96,871.0351322
235.12,856,98,871.0351318
235.125,901,98,871.0351322
235.13,939,100,871.0351321
235.135,933,100,871.0351321
235.14,947,97,871.0351319
235.145,896,99,871.0351321
235.15,865,96,871.035132
235.155,907,98,871.0351319
235.16,927,99,871.0351318
235.165,878,100,871.0351322
235.17,811,98,871.0351319
235.175,858,97,871.035132
235.18,830,99,871.0351322
235.185,835,98,871.0351321
235.19,960,96,871.0351321
235.195,808,95,871.0351322
235.2,991,98,871.0351324
235.205,978,98,871.0351321
235.21,960,99,871.035132
235.215,987,99,871.0351323
235.22,929,99,871.0351323
235.225,848,95,871.0351319
235.23,826,99,871.035132
235.235,842,99,871.0351322
235.24,776,94,871.035132
235.245,789,97,871.0351319
235.25,777,94,871.0351319
235.255,870,99,871.0351321
235.26,774,92,871.0351315
235.265,781,98,871.0351322
235.27,838,95,871.0351323
235.275,838,95,871.035132
235.28,823,94,871.0351321
235.285,929,99,871.0351323
235.29,893,100,871.0351318
235.295,876,100,871.0351321
235.3,804,98,871.0351318
235.305,835,97,871.035132
235.31,872,99,871.0351319
235.315,925,98,871.0351318
235.32,916,99,871.035132
235.325,840,99,871.035132
235.33,907,98,871.0351322
235.335,936,99,871.035132
235.34,921,98,871.0351319
235.345,976,100,871.0351324
235.35,970,99,871.0351318
235.355,900,100,871.0351317
235.36,881,99,871.035132
235.365,904,98,871.0351323
235.37,1036,100,871.0351319
235.375,919,100,871.0351321
235.38,868,99,871.035132
235.385,822,99,871.0351319
235.39,822,99,871.0351322
235.395,761,100,871.0351318
235.4,846,100,871.035132
235.405,774,98,871.0351322
235.41,852,99,871.0351321
235.415,877,98,871.0351322
235.42,842,99,871.0351317
235.425,836,100,871.0351322
235.43,850,99,871.035132
235.435,840,100,871.035132
235.44,873,99,871.035132
235.445,929,100,871.0351322
235.45,961,100,871.035132
235.455,986,98,871.0351322
235.46,923,98,871.0351323
235.465,911,100,871.0351319
235.47,945,100,871.0351318
235.475,925,100,871.035132
235.48,897,100,871.0351325
235.485,899,100,871.0351319
235.49,929,100,871.0351319
235.495,964,100,871.0351325
235.5,896,99,871.0351323
235.505,905,96,871.0351323
235.51,984,100,871.0351323
235.515,796,96,871.0351318
235.52,889,100,871.0351321
235.525,907,99,871.035132
235.53,998,98,871.0351319
235.535,938,100,871.0351319
235.54,1126,100,871.0351323
235.545,1038,100,871.0351321
235.55,1146,99,871.035132
235.555,1138,100,871.035132
235.56,1184,99,871.035132
235.565,1040,100,871.0351321
235.57,1025,100,871.0351321
235.575,991,99,871.0351318
235.58,983,100,871.0351321
235.585,976,100,871.0351321
235.59,1058,99,871.0351321
235.595,1030,99,871.0351321
235.6,969,99,871.0351319
235.605,999,100,871.035132
235.61,984,99,871.0351323
235.615,923,98,871.0351321
235.62,916,100,871.0351321
235.625,989,99,871.035132
235.63,891,100,871.0351318
235.635,974,100,871.0351321
235.64,893,100,871.0351321
235.645,948,99,871.0351321
235.65,980,99,871.0351322
235.655,912,99,871.035132
235.66,841,99,871.0351323
235.665,830,100,871.035132
235.67,812,100,871.0351321
235.675,874,100,871.035132
235.68,920,99,871.0351323
235.685,1001,99,871.0351321
235.69,913,99,871.0351321
235.695,954,100,871.035132
235.7,926,100,871.0351319
235.705,954,100,871.0351321
235.71,929,97,871.0351322
235.715,946,99,871.0351322
235.72,892,98,871.0351321
235.725,930,99,871.0351321
235.73,946,99,871.0351322
235.735,896,99,871.0351324
235.74,902,100,871.0351323
235.745,847,98,871.0351321
235.75,849,100,871.0351319
235.755,867,100,871.0351322
235.76,923,100,871.035132
235.765,976,99,871.0351322
235.77,955,100,871.0351322
235.775,1025,100,871.0351323
235.78,918,99,871.0351321
235.785,1015,99,871.0351319
235.79,901,98,871.0351318
235.795,918,99,871.0351322
235.8,988,100,871.0351318
235.805,940,100,871.0351322
235.81,868,99,871.0351322
235.815,904,100,871.0351318
235.82,844,100,871.035132
235.825,855,97,871.0351321
235.83,838,100,871.035132
235.835,811,100,871.0351322
235.84,897,100,871.035132
235.845,889,100,871.0351321
235.85,855,99,871.035132
235.855,818,98,871.0351321
235.86,888,99,871.035132
235.865,846,100,871.0351321
235.87,890,100,871.0351324
235.875,897,100,871.0351322
235.88,919,99,871.0351322
235.885,874,100,871.0351321
235.89,838,99,871.0351321
235.895,805,100,871.0351323
235.9,850,99,871.035132
235.905,873,99,871.0351323
235.91,789,99,871.0351321
235.915,793,99,871.0351323
235.92,758,99,871.035132
235.925,793,99,871.035132
235.93,933,99,871.0351321
235.935,788,100,871.0351325
235.94,811,100,871.035132
235.945,844,99,871.0351321
235.95,897,100,871.0351323
235.955,104,29,871.035132
235.96,818,99,871.0351324
235.965,882,99,871.0351323
235.97,993,100,871.035132
235.975,937,100,871.0351321
235.98,880,100,871.0351321
235.985,843,99,871.0351324
235.99,898,100,871.0351321
235.995,923,99,871.0351321
236,902,97,871.0351319
236.005,965,100,871.0351321
236.01,911,99,871.0351319
236.015,905,100,871.0351324
236.02,948,99,871.0351321
236.025,937,100,871.0351325
236.03,865,100,871.0351323
236.035,949,98,871.0351321
236.04,1013,99,871.0351322
236.045,1035,99,871.0351323
236.05,1011,100,871.035132
236.055,983,99,871.0351321
236.06,957,99,871.0351322
236.065,946,100,871.0351322
236.07,997,99,871.0351325
236.075,1001,100,871.0351324
236.08,883,100,871.0351322
236.085,978,100,871.0351319
236.09,873,100,871.0351323
236.095,962,100,871.0351319
236.1,983,100,871.0351321
236.105,884,99,871.0351321
236.11,888,97,871.0351319
236.115,909,99,871.0351323
236.12,876,99,871.0351319
236.125,921,99,871.0351321
236.13,937,100,871.035132
236.135,932,100,871.0351322
236.14,998,100,871.0351322
236.145,962,100,871.0351319
236.15,1007,99,871.0351318
236.155,966,100,871.0351321
236.16,977,99,871.0351319
236.165,930,100,871.0351322
236.17,881,100,871.0351321
236.175,929,100,871.0351322
236.18,947,100,871.0351322
236.185,973,99,871.0351319
236.19,919,98,871.0351322
236.195,929,99,871.0351321
236.2,954,99,871.0351322
236.205,879,98,871.0351322
236.21,877,99,871.0351325
236.215,899,97,871.0351322
236.22,829,99,871.0351322
236.225,890,99,871.035132
236.23,939,98,871.0351319
236.235,907,99,871.0351318
236.24,848,98,871.0351321
236.245,873,100,871.0351322
236.25,825,97,871.0351321
236.255,852,99,871.0351322
236.26,906,98,871.0351322
236.265,908,100,871.0351319
236.27,893,100,871.0351319
236.275,866,100,871.0351321
236.28,890,100,871.0351323
236.285,750,100,871.0351323
236.29,814,100,871.0351319
236.295,804,100,871.0351324
236.3,807,99,871.0351319
236.305,799,97,871.035132
236.31,886,99,871.0351324
236.315,925,99,871.0351319
236.32,908,99,871.0351322
236.325,857,100,871.0351323
236.33,864,100,871.0351321
236.335,931,98,871.0351323
236.34,984,100,871.0351319
236.345,905,99,871.035132
236.35,976,99,871.0351322
236.355,915,99,871.0351318
236.36,895,99,871.035132
236.365,868,99,871.0351322
236.37,902,100,871.035132
236.375,862,98,871.0351321
236.38,769,97,871.035132
236.385,847,98,871.035132
236.39,807,99,871.035132
236.395,767,98,871.035132
236.4,783,99,871.0351321
236.405,778,100,871.0351321
236.41,895,100,871.035132
236.415,873,99,871.0351321
236.42,864,99,871.035132
236.425,940,100,871.0351322
236.43,877,99,871.035132
236.435,954,98,871.0351321
236.44,913,100,871.0351323
236.445,897,100,871.035132
236.45,950,99,871.0351321
236.455,990,97,871.0351318
236.46,938,98,871.0351318
236.465,954,98,871.0351323
236.47,992,99,871.0351322
236.475,956,99,871.0351323
236.48,1005,96,871.035132
236.485,1036,98,871.0351321
236.49,1077,100,871.035132
236.495,1051,100,871.0351321
236.5,947,100,871.0351321
236.505,975,100,871.0351318
236.51,727,77,871.0351321
236.515,84,20,871.0351322
236.52,940,99,871.0351321
236.525,905,98,871.0351322
236.53,979,100,871.0351324
236.535,910,98,871.0351318
236.54,939,99,871.0351319
236.545,997,100,871.0351321
236.55,949,100,871.0351322
236.555,1001,100,871.0351321
236.56,982,100,871.0351323
236.565,1008,99,871.0351324
236.57,959,99,871.0351319
236.575,946,100,871.035132
236.58,899,99,871.0351321
236.585,980,100,871.0351321
236.59,971,100,871.0351321
236.595,1027,99,871.0351321
236.6,924,100,871.0351324
236.605,935,99,871.0351322
236.61,888,98,871.0351318
236.615,899,99,871.0351319
236.62,872,100,871.0351322
236.625,860,98,871.035132
236.63,884,100,871.0351324
236.635,865,98,871.0351321
236.64,908,100,871.0351318
236.645,927,100,871.0351321
236.65,902,99,871.0351323
236.655,964,100,871.035132
236.66,922,100,871.0351322
236.665,924,100,871.035132
236.67,921,100,871.0351321
236.675,943,100,871.0351322
236.68,919,99,871.0351324
236.685,940,99,871.035132
236.69,879,99,871.035132
236.695,955,100,871.035132
236.7,792,100,871.0351322
236.705,791,100,871.0351321
236.71,766,98,871.0351322
236.715,817,99,871.0351321
236.72,781,100,871.0351322
236.725,824,97,871.035132
236.73,916,100,871.0351321
236.735,889,99,871.0351324
236.74,785,100,871.0351324
236.745,836,100,871.0351321
236.75,890,97,871.0351321
236.755,876,98,871.035132
236.76,893,100,871.0351321
236.765,951,100,871.0351319
236.77,870,99,871.0351323
236.775,902,99,871.0351323
236.78,956,98,871.0351322
236.785,897,100,871.0351323
236.79,971,100,871.0351321
236.795,885,99,871.0351324
236.8,957,99,871.0351323
236.805,988,100,871.0351323
236.81,997,99,871.035132
236.815,933,98,871.0351321
236.82,918,99,871.0351322
236.825,879,100,871.0351322
236.83,993,100,871.0351323
236.835,948,100,871.0351324
236.84,902,100,871.0351323
236.845,913,99,871.0351321
236.85,935,99,871.0351321
236.855,923,100,871.0351319
236.86,872,100,871.0351322
236.865,956,99,871.0351321
236.87,903,97,871.0351323
236.875,919,100,871.0351321
236.88,904,99,871.0351321
236.885,886,97,871.0351322
236.89,826,99,871.035132
236.895,826,99,871.0351322
236.9,803,99,871.035132
236.905,817,95,871.0351323
236.91,862,100,871.0351322
236.915,835,97,871.0351325
236.92,900,99,871.0351322
236.925,918,98,871.0351322
236.93,799,97,871.0351323
236.935,876,99,871.0351326
236.94,886,96,871.0351323
236.945,903,98,871.0351324
236.95,914,99,871.0351322
236.955,980,98,871.0351319
236.96,965,97,871.035132
236.965,1002,100,871.0351322
236.97,933,96,871.0351321
236.975,1033,97,871.0351319
236.98,909,98,871.0351321
236.985,954,98,871.0351322
236.99,962,97,871.0351323
236.995,907,92,871.0351321
237,911,98,871.0351322
237.005,873,96,871.0351321
237.01,878,96,871.0351319
237.015,931,95,871.0351322
237.02,946,95,871.0351321
237.025,893,95,871.0351323
237.03,830,92,871.0351324
237.035,830,90,871.0351319
237.04,879,93,871.0351322
237.045,934,93,871.035132
237.05,933,90,871.0351323
237.055,939,94,871.0351321
237.06,945,92,871.0351321
237.065,889,92,871.0351321
237.07,832,92,871.0351324
237.075,878,88,871.0351321
237.08,830,92,871.0351322
237.085,799,84,871.0351321
237.09,816,88,871.0351323
237.095,825,87,871.0351317
237.1,803,82,871.0351323
237.105,715,77,871.0351321
237.11,750,80,871.0351319
237.115,748,84,871.0351322
237.12,715,77,871.0351322
237.125,697,76,871.0351322
237.13,699,75,871.0351323
237.135,704,77,871.035132
237.14,709,80,871.0351321
237.145,715,79,871.0351322
237.15,730,84,871.0351321
237.155,650,74,871.035132
237.16,735,76,871.0351322
237.165,696,78,871.0351324
237.17,786,81,871.0351322
237.175,727,79,871.0351324
237.18,761,81,871.0351319
237.185,764,87,871.0351323
237.19,700,73,871.0351322
237.195,775,80,871.0351319
237.2,667,82,871.0351321
237.205,732,79,871.035132
237.21,687,82,871.0351321
237.215,643,71,871.0351322
237.22,673,78,871.035132
237.225,702,85,871.035132
237.23,646,73,871.0351322
237.235,608,72,871.0351321
237.24,622,77,871.0351324
237.245,596,78,871.0351322
237.25,596,79,871.0351323
237.255,616,78,871.0351318
237.26,680,82,871.0351319
237.265,689,77,871.0351321
237.27,628,71,871.0351323
237.275,574,74,871.0351323
237.28,604,79,871.0351319
237.285,667,80,871.0351319
237.29,617,82,871.0351321
237.295,591,78,871.0351322
237.3,597,70,871.0351323
237.305,576,69,871.0351325
237.31,631,75,871.035132
237.315,706,82,871.0351323
237.32,597,76,871.0351321
237.325,623,79,871.0351323
237.33,622,79,871.035132
237.335,667,81,871.035132
237.34,629,79,871.0351323
237.345,734,91,871.035132
237.35,721,84,871.0351322
237.355,689,79,871.0351321
237.36,739,90,871.0351323
237.365,578,79,871.0351321
237.37,680,86,871.0351324
237.375,669,83,871.0351321
237.38,745,88,871.0351326
237.385,696,87,871.0351322
237.39,788,92,871.035132
237.395,815,95,871.0351323
237.4,767,91,871.0351322
237.405,759,94,871.0351324
237.41,822,94,871.0351319
237.415,856,93,871.0351322
237.42,789,95,871.0351319
237.425,771,92,871.0351323
237.43,770,93,871.035132
237.435,837,96,871.0351322
237.44,835,98,871.0351321
237.445,798,96,871.0351322
237.45,833,95,871.0351323
237.455,881,99,871.0351322
237.46,878,96,871.0351325
237.465,830,97,871.0351321
237.47,748,96,871.0351321
237.475,828,99,871.0351321
237.48,860,100,871.0351322
237.485,893,98,871.0351322
237.49,852,98,871.0351318
237.495,852,99,871.0351322
237.5,756,95,871.035132
237.505,814,100,871.0351324
237.51,790,98,871.035132
237.515,776,99,871.0351324
237.52,756,97,871.0351325
237.525,768,96,871.0351323
237.53,909,99,871.0351321
237.535,849,100,871.0351318
237.54,847,97,871.0351322
237.545,889,98,871.035132
237.55,877,100,871.0351321
237.555,912,100,871.0351321
237.56,925,100,871.035132
237.565,930,99,871.035132
237.57,994,99,871.0351322
237.575,938,99,871.0351318
237.58,1003,100,871.0351319
237.585,972,99,871.0351325
237.59,915,99,871.0351324
237.595,908,97,871.0351322
237.6,936,99,871.0351323
237.605,927,99,871.0351325
237.61,965,99,871.0351318
237.615,973,95,871.0351322
237.62,1055,100,871.035132
237.625,948,99,871.0351321
237.63,924,99,871.035132
237.635,929,99,871.0351326
237.64,949,99,871.035132
237.645,994,99,871.0351321
237.65,959,99,871.0351322
237.655,852,98,871.0351322
237.66,961,100,871.0351325
237.665,920,99,871.0351322
237.67,966,100,871.0351323
237.675,908,99,871.0351324
237.68,879,98,871.0351321
237.685,947,99,871.0351321
237.69,895,99,871.0351322
237.695,835,99,871.0351319
237.7,833,99,871.0351322
237.705,865,100,871.0351325
237.71,853,99,871.0351321
237.715,790,99,871.0351321
237.72,763,99,871.0351322
237.725,753,100,871.0351322
237.73,775,97,871.0351323
237.735,819,100,871.0351323
237.74,859,98,871.0351322
237.745,860,99,871.0351321
237.75,811,100,871.0351326
237.755,858,99,871.0351322
237.76,806,99,871.0351322
237.765,829,100,871.035132
237.77,819,100,871.0351323
237.775,789,99,871.035132
237.78,809,99,871.0351323
237.785,895,100,871.0351324
237.79,835,99,871.0351323
237.795,825,100,871.0351325
237.8,845,99,871.0351323
237.805,790,99,871.0351324
237.81,866,100,871.0351324
237.815,860,100,871.035132
237.82,823,99,871.0351319
237.825,782,98,871.0351323
237.83,818,98,871.0351322
237.835,801,98,871.035132
237.84,866,99,871.0351322
237.845,942,99,871.0351317
237.85,912,99,871.035132
237.855,940,99,871.035132
237.86,959,100,871.0351321
237.865,983,98,871.0351321
237.87,946,100,871.0351322
237.875,870,100,871.0351321
237.88,955,98,871.0351323
237.885,917,100,871.0351323
237.89,842,98,871.0351323
237.895,907,100,871.0351323
237.9,945,99,871.0351323
237.905,888,100,871.035132
237.91,937,100,871.0351322
237.915,952,99,871.0351325
237.92,938,99,871.0351324
237.925,926,100,871.0351322
237.93,855,100,871.0351322
237.935,888,99,871.0351322
237.94,868,99,871.0351319
237.945,899,99,871.0351323
237.95,882,100,871.035132
237.955,933,100,871.0351323
237.96,851,99,871.0351326
237.965,959,99,871.0351321
237.97,890,100,871.035132
237.975,886,100,871.0351322
237.98,861,100,871.035132
237.985,847,99,871.035132
237.99,873,97,871.0351321
237.995,887,99,871.0351322
238,866,98,871.0351324
238.005,906,97,871.035132
238.01,902,100,871.0351321
238.015,951,99,871.0351322
238.02,895,97,871.0351324
238.025,946,100,871.0351321
238.03,953,100,871.0351322
238.035,894,99,871.0351324
238.04,887,97,871.0351324
238.045,938,100,871.0351323
238.05,1006,100,871.0351323
238.055,954,99,871.0351324
238.06,902,97,871.0351324
238.065,921,97,871.0351323
238.07,915,100,871.0351322
238.075,980,100,871.0351321
238.08,927,100,871.0351323
238.085,918,100,871.0351323
238.09,986,100,871.0351323
238.095,936,98,871.0351321
238.1,947,100,871.0351321
238.105,904,100,871.0351322
238.11,963,99,871.0351321
238.115,852,98,871.0351321
238.12,797,99,871.0351322
238.125,941,100,871.0351321
238.13,925,100,871.0351324
238.135,989,100,871.0351319
238.14,1006,99,871.0351322
238.145,1085,99,871.035132
238.15,1051,99,871.0351323
238.155,1047,98,871.0351323
238.16,1020,100,871.035132
238.165,885,98,871.0351321
238.17,858,99,871.0351324
238.175,858,100,871.0351324
238.18,931,100,871.0351324
238.185,964,100,871.0351322
238.19,924,99,871.0351325
238.195,914,98,871.0351323
238.2,949,98,871.0351321
238.205,926,100,871.0351322
238.21,881,100,871.0351322
238.215,826,99,871.0351322
238.22,825,99,871.0351324
238.225,911,100,871.0351321
238.23,885,100,871.0351324
238.235,860,100,871.0351321
238.24,901,98,871.0351322
238.245,958,100,871.0351322
238.25,889,100,871.0351319
238.255,806,96,871.0351321
238.26,792,99,871.0351323
238.265,823,98,871.035132
238.27,827,100,871.0351322
238.275,892,100,871.0351322
238.28,872,99,871.0351322
238.285,851,99,871.0351325
238.29,802,99,871.0351321
238.295,880,99,871.035132
238.3,860,100,871.0351321
238.305,824,100,871.0351321
238.31,906,99,871.0351322
238.315,825,100,871.0351319
238.32,844,98,871.0351321
238.325,913,99,871.035132
238.33,836,98,871.0351323
238.335,878,100,871.0351321
238.34,967,99,871.0351323
238.345,996,100,871.035132
238.35,955,100,871.0351324
238.355,932,98,871.0351322
238.36,882,100,871.035132
238.365,964,100,871.0351324
238.37,844,100,871.0351323
238.375,852,99,871.0351324
238.38,842,100,871.0351323
238.385,916,99,871.0351321
238.39,942,100,871.0351323
238.395,859,99,871.0351323
238.4,869,99,871.0351324
238.405,817,100,871.0351321
238.41,892,100,871.0351325
238.415,833,99,871.0351322
238.42,827,100,871.0351322
238.425,905,99,871.035132
238.43,822,100,871.0351318
238.435,864,98,871.0351322
238.44,890,100,871.0351322
238.445,821,100,871.0351318
238.45,896,99,871.035132
238.455,867,100,871.0351324
238.46,953,99,871.0351322
238.465,908,99,871.0351322
238.47,959,100,871.0351322
238.475,956,100,871.0351324
238.48,920,98,871.035132
238.485,943,100,871.035132
238.49,918,99,871.0351323
238.495,967,100,871.0351319
238.5,909,100,871.0351322
238.505,903,99,871.0351323
238.51,922,99,871.0351323
238.515,814,99,871.0351322
238.52,806,99,871.0351324
238.525,911,97,871.0351321
238.53,1010,100,871.0351323
238.535,991,100,871.0351322
238.54,939,98,871.035132
238.545,907,100,871.0351322
238.55,919,99,871.0351321
238.555,909,100,871.0351324
238.56,898,99,871.0351325
238.565,977,98,871.0351319
238.57,864,100,871.0351323
238.575,824,100,871.0351323
238.58,933,99,871.0351322
238.585,938,100,871.0351325
238.59,930,100,871.0351324
238.595,912,99,871.0351322
238.6,930,98,871.0351323
238.605,960,100,871.0351318
238.61,1000,100,871.0351321
238.615,977,99,871.0351321
238.62,916,100,871.0351321
238.625,997,97,871.0351319
238.63,1065,100,871.0351326
238.635,1051,100,871.0351319
238.64,1064,100,871.035132
238.645,1020,100,871.0351321
238.65,994,100,871.0351323
238.655,973,99,871.035132
238.66,1011,100,871.0351319
238.665,1002,100,871.0351324
238.67,1017,99,871.0351324
238.675,1008,99,871.0351323
238.68,981,99,871.0351323
238.685,905,99,871.0351325
238.69,1025,100,871.0351321
238.695,954,99,871.0351322
238.7,924,100,871.0351323
238.705,932,100,871.0351323
238.71,971,98,871.0351321
238.715,866,99,871.0351321
238.72,864,100,871.0351319
238.725,825,100,871.0351325
238.73,802,98,871.0351323
238.735,767,98,871.0351321
238.74,838,99,871.0351324
238.745,834,99,871.0351319
238.75,814,99,871.0351323
238.755,747,98,871.0351322
238.76,796,99,871.035132
238.765,796,100,871.0351322
238.77,825,100,871.0351321
238.775,818,100,871.0351325
238.78,850,100,871.0351322
238.785,867,100,871.0351326
238.79,863,100,871.0351323
238.795,854,98,871.0351323
238.8,896,100,871.0351322
238.805,889,100,871.0351321
238.81,872,100,871.0351321
238.815,876,100,871.0351323
238.82,876,100,871.0351324
238.825,904,100,871.0351323
238.83,851,99,871.0351323
238.835,860,99,871.0351326
238.84,916,99,871.0351324
238.845,845,99,871.0351321
238.85,840,100,871.0351323
238.855,836,99,871.0351323
238.86,810,100,871.0351324
238.865,911,100,871.0351322
238.87,911,100,871.0351319
238.875,898,100,871.0351322
238.88,876,97,871.0351325
238.885,919,99,871.0351323
238.89,883,100,871.0351322
238.895,887,99,871.0351321
238.9,895,99,871.0351324
238.905,881,98,871.0351319
238.91,859,98,871.0351326
238.915,906,100,871.035132
238.92,842,100,871.0351322
238.925,1020,98,871.0351322
238.93,1023,99,871.0351321
238.935,1022,100,871.0351324
238.94,924,96,871.0351322
238.945,947,98,871.0351321
238.95,930,99,871.0351323
238.955,877,98,871.0351319
238.96,887,100,871.0351321
238.965,842,100,871.0351323
238.97,933,100,871.0351325
238.975,885,99,871.0351322
238.98,929,100,871.035132
238.985,970,100,871.0351319
238.99,911,100,871.0351324
238.995,900,100,871.0351323
239,946,99,871.0351324
239.005,979,100,871.035132
239.01,987,99,871.035132
239.015,1021,99,871.035132
239.02,928,99,871.0351324
239.025,866,99,871.0351321
239.03,936,99,871.0351324
239.035,891,98,871.0351323
239.04,1006,100,871.0351321
239.045,999,100,871.0351321
239.05,994,100,871.0351322
239.055,976,100,871.035132
239.06,991,100,871.035132
239.065,1062,99,871.0351324
239.07,966,99,871.0351321
239.075,979,100,871.0351322
239.08,928,99,871.0351327
239.085,893,99,871.0351323
239.09,894,98,871.035132
239.095,931,99,871.035132
239.1,933,100,871.0351323
239.105,971,99,871.0351325
239.11,1001,99,871.0351324
239.115,929,99,871.0351321
239.12,946,100,871.0351319
239.125,955,100,871.0351326
239.13,839,97,871.0351318
239.135,937,99,871.0351324
239.14,908,99,871.0351322
239.145,891,100,871.0351323
239.15,965,100,871.0351322
239.155,972,100,871.0351319
239.16,1000,99,871.0351324
239.165,911,97,871.0351321
239.17,909,97,871.0351324
239.175,941,96,871.035132
239.18,914,95,871.0351323
239.185,896,98,871.0351322
239.19,1021,99,871.0351322
239.195,982,97,871.0351323
239.2,921,97,871.0351321
239.205,942,95,871.0351324
239.21,999,96,871.0351323
239.215,935,93,871.0351326
239.22,961,98,871.035132
239.225,915,93,871.0351322
239.23,974,96,871.0351318
239.235,851,97,871.0351322
239.24,883,95,871.0351322
239.245,937,97,871.0351322
239.25,910,98,871.0351322
239.255,919,96,871.0351322
239.26,893,97,871.035132
239.265,826,92,871.0351319
239.27,876,92,871.035132
239.275,857,94,871.0351318
239.28,902,97,871.0351321
239.285,927,93,871.0351324
239.29,909,95,871.0351324
239.295,887,87,871.0351323
239.3,860,93,871.0351322
239.305,848,91,871.0351321
239.31,867,90,871.0351323
239.315,831,84,871.0351323
239.32,909,89,871.0351323
239.325,842,89,871.0351323
239.33,953,95,871.0351323
239.335,911,91,871.0351321
239.34,810,86,871.0351323
239.345,793,86,871.0351321
239.35,882,91,871.0351325
239.355,731,78,871.0351323
239.36,885,87,871.035132
239.365,856,86,871.0351321
239.37,685,76,871.0351319
239.375,968,94,871.0351326
239.38,744,81,871.0351324
239.385,839,85,871.0351321
239.39,785,79,871.0351321
239.395,802,79,871.0351321
239.4,746,77,871.0351321
239.405,769,80,871.035132
239.41,849,85,871.0351323
239.415,796,84,871.0351323
239.42,846,86,871.0351321
239.425,741,85,871.0351321
239.43,673,73,871.0351319
239.435,748,79,871.0351325
239.44,825,82,871.0351325
239.445,836,86,871.0351322
239.45,830,89,871.0351321
239.455,813,83,871.0351319
239.46,790,84,871.0351321
239.465,830,86,871.0351321
239.47,782,88,871.0351319
239.475,870,95,871.0351321
239.48,827,84,871.0351319
239.485,743,78,871.0351321
239.49,882,87,871.0351322
239.495,764,82,871.0351323
239.5,750,79,871.0351322
239.505,825,88,871.0351322
239.51,814,82,871.0351324
239.515,891,88,871.035132
239.52,795,87,871.0351318
239.525,836,85,871.0351323
239.53,874,84,871.0351321
239.535,842,83,871.0351323
239.54,924,90,871.0351321
239.545,881,90,871.0351326
239.55,948,92,871.0351319
239.555,966,94,871.0351324
239.56,943,94,871.0351324
239.565,912,93,871.0351322
239.57,921,94,871.0351322
239.575,936,98,871.035132
239.58,929,100,871.0351323
239.585,959,98,871.0351322
239.59,921,97,871.0351319
239.595,862,97,871.0351326
239.6,934,99,871.0351322
239.605,989,99,871.0351319
239.61,910,97,871.035132
239.615,909,97,871.035132
239.62,891,100,871.0351319
239.625,953,99,871.0351321
239.63,911,98,871.0351322
239.635,979,98,871.0351322
239.64,943,99,871.0351325
239.645,912,100,871.0351323
239.65,956,99,871.0351323
239.655,965,100,871.0351322
239.66,948,100,871.0351323
239.665,963,99,871.0351321
239.67,934,98,871.0351321
239.675,979,98,871.0351325
239.68,951,98,871.0351322
239.685,970,100,871.0351323
239.69,1033,99,871.0351319
239.695,968,100,871.0351323
239.7,984,100,871.0351321
239.705,960,99,871.0351324
239.71,980,100,871.0351321
239.715,964,100,871.0351322
239.72,921,99,871.0351322
239.725,912,99,871.0351319
239.73,916,100,871.0351321
239.735,880,99,871.0351322
239.74,832,100,871.0351323
239.745,836,100,871.0351326
239.75,891,98,871.0351323
239.755,854,100,871.0351319
239.76,876,100,871.0351321
239.765,815,99,871.035132
239.77,847,98,871.0351323
239.775,908,97,871.0351319
239.78,898,98,871.0351323
239.785,952,100,871.0351319
239.79,930,100,871.035132
239.795,904,99,871.0351323
239.8,916,100,871.0351321
239.805,818,98,871.0351323
239.81,825,100,871.0351318
239.815,897,99,871.0351321
239.82,837,98,871.0351324
239.825,858,100,871.0351319
239.83,867,99,871.0351319
239.835,880,100,871.0351323
239.84,840,98,871.0351322
239.845,849,100,871.0351321
239.85,870,99,871.0351323
239.855,931,100,871.035132
239.86,830,99,871.0351321
239.865,897,100,871.0351323
239.87,834,99,871.0351323
239.875,860,99,871.035132
239.88,887,99,871.0351323
239.885,885,98,871.0351322
239.89,918,100,871.0351322
239.895,956,100,871.0351323
239.9,964,99,871.0351322
239.905,994,99,871.0351322
239.91,992,99,871.0351321
239.915,999,99,871.0351322
239.92,994,100,871.0351322
239.925,1032,100,871.0351322
239.93,1007,98,871.035132
239.935,1026,99,871.0351317
239.94,1052,100,871.0351321
239.945,958,100,871.0351322
239.95,953,100,871.0351318
239.955,1041,100,871.035132
239.96,995,100,871.0351319
239.965,985,100,871.035132
239.97,997,100,871.0351327
239.975,996,97,871.0351321
239.98,955,100,871.035132
239.985,995,100,871.0351323
239.99,1039,100,871.0351322
239.995,1027,100,871.0351322
240,1026,100,871.0351323
240.005,976,100,871.0351324
240.01,982,99,871.0351323
240.015,945,100,871.0351325
240.02,1003,99,871.0351322
240.025,999,100,871.0351323
240.03,943,100,871.0351323
240.035,973,100,871.0351323
240.04,1048,100,871.0351322
240.045,1060,100,871.0351323
240.05,1021,100,871.0351323
240.055,992,99,871.0351321
240.06,1021,98,871.0351326
240.065,1030,99,871.0351324
240.07,950,98,871.0351321
240.075,1042,100,871.0351324
240.08,1025,100,871.0351322
240.085,1050,100,871.0351322
240.09,1050,100,871.0351322
240.095,1054,100,871.0351322
240.1,984,99,871.035132
240.105,982,99,871.0351323
240.11,957,99,871.0351323
240.115,1097,99,871.0351322
240.12,999,99,871.0351322
240.125,1087,100,871.035132
240.13,1086,100,871.0351322
240.135,1132,100,871.0351322
240.14,1085,100,871.0351324
240.145,1126,99,871.0351319
240.15,1117,100,871.035132
240.155,1100,99,871.0351319
240.16,1043,100,871.035132
240.165,1057,99,871.0351321
240.17,1014,99,871.0351324
240.175,1033,99,871.035132
240.18,975,99,871.0351322
240.185,975,100,871.0351322
240.19,947,98,871.0351322
240.195,943,100,871.035132
240.2,874,96,871.0351324
240.205,887,99,871.0351323
240.21,837,99,871.0351323
240.215,939,100,871.0351324
240.22,888,99,871.0351323
240.225,893,100,871.0351322
240.23,813,99,871.0351322
240.235,907,99,871.0351322
240.24,972,99,871.0351323
240.245,872,99,871.0351324
240.25,967,99,871.0351325
240.255,1007,98,871.0351324
240.26,979,99,871.0351321
240.265,1061,99,871.0351324
240.27,1033,99,871.0351325
240.275,1024,100,871.0351321
240.28,1008,97,871.0351319
240.285,987,99,871.0351321
240.29,964,99,871.0351323
240.295,973,99,871.0351323
240.3,997,98,871.0351325
240.305,903,97,871.0351321
240.31,981,99,871.0351324
240.315,1013,100,871.0351323
240.32,944,100,871.0351321
240.325,929,99,871.0351322
240.33,895,100,871.0351322
240.335,921,100,871.0351322
240.34,967,100,871.0351323
240.345,888,99,871.0351324
240.35,962,100,871.035132
240.355,904,98,871.0351322
240.36,896,98,871.0351324
240.365,900,97,871.035132
240.37,939,100,871.0351322
240.375,880,100,871.0351327
240.38,870,99,871.0351325
240.385,939,98,871.035132
240.39,959,99,871.0351322
240.395,947,100,871.0351321
240.4,987,100,871.0351322
240.405,923,98,871.0351322
240.41,1006,99,871.0351324
240.415,1080,99,871.0351324
240.42,1046,100,871.0351324
240.425,1022,99,871.0351322
240.43,990,98,871.0351325
240.435,1046,100,871.0351323
240.44,1008,100,871.0351322
240.445,998,100,871.0351321
240.45,1059,100,871.0351324
240.455,1098,100,871.0351324
240.46,995,100,871.0351322
240.465,1047,98,871.0351322
240.47,1040,100,871.0351322
240.475,982,99,871.0351326
240.48,1021,99,871.0351322
240.485,990,98,871.0351321
240.49,1001,99,871.0351323
240.495,928,98,871.0351321
240.5,958,98,871.035132
240.505,984,99,871.0351321
240.51,936,98,871.0351326
240.515,930,98,871.0351323
240.52,980,99,871.0351323
240.525,952,98,871.0351318
240.53,970,99,871.035132
240.535,912,99,871.0351321
240.54,931,97,871.0351319
240.545,943,100,871.0351323
240.55,984,99,871.0351322
240.555,921,98,871.0351321
240.56,902,100,871.035132
240.565,913,100,871.0351324
240.57,900,100,871.0351322
240.575,894,100,871.0351324
240.58,975,100,871.0351321
240.585,950,100,871.0351321
240.59,886,99,871.0351323
240.595,943,98,871.0351319
240.6,910,100,871.0351324
240.605,828,99,871.0351325
240.61,874,100,871.0351323
240.615,945,99,871.0351322
240.62,875,98,871.0351321
240.625,889,100,871.0351322
240.63,893,99,871.0351325
240.635,912,100,871.0351325
240.64,992,99,871.0351321
240.645,950,98,871.0351324
240.65,975,100,871.0351322
240.655,929,100,871.0351322
240.66,1044,100,871.0351323
240.665,949,98,871.0351323
240.67,857,97,871.035132
240.675,1031,99,871.0351324
240.68,934,100,871.0351325
240.685,962,98,871.0351325
240.69,909,100,871.035132
240.695,888,100,871.0351324
240.7,896,99,871.0351323
240.705,900,99,871.0351321
240.71,874,99,871.0351321
240.715,912,99,871.0351322
240.72,866,99,871.0351325
240.725,915,98,871.0351323
240.73,835,99,871.0351321
240.735,959,100,871.0351321
240.74,872,99,871.035132
240.745,848,98,871.0351321
240.75,918,100,871.035132
240.755,856,98,871.0351325
240.76,767,99,871.0351323
240.765,828,97,871.0351323
240.77,887,99,871.0351327
240.775,979,100,871.0351322
240.78,928,99,871.0351323
240.785,929,97,871.0351322
240.79,915,99,871.035132
240.795,870,99,871.0351324
240.8,942,97,871.0351324
240.805,943,100,871.0351322
240.81,859,100,871.0351322
240.815,861,100,871.0351322
240.82,959,99,871.0351325
240.825,890,99,871.0351324
240.83,894,98,871.0351321
240.835,868,98,871.0351322
240.84,864,98,871.0351322
240.845,883,98,871.0351323
240.85,843,100,871.0351322
240.855,885,100,871.0351325
240.86,882,98,871.0351323
240.865,895,100,871.0351321
240.87,950,99,871.0351321
240.875,1021,99,871.0351325
240.88,1035,97,871.0351325
240.885,1042,99,871.0351323
240.89,1016,98,871.0351321
240.895,928,99,871.0351322
240.9,948,97,871.0351323
240.905,895,99,871.0351322
240.91,863,97,871.0351322
240.915,926,100,871.0351325
240.92,839,99,871.0351323
240.925,882,98,871.0351324
240.93,844,99,871.0351325
240.935,835,100,871.0351319
240.94,833,100,871.0351324
240.945,864,99,871.0351327
240.95,954,100,871.0351323
240.955,887,100,871.0351323
240.96,930,98,871.0351321
240.965,973,99,871.0351321
240.97,938,99,871.0351323
240.975,980,100,871.0351322
240.98,867,98,871.0351327
240.985,871,99,871.0351324
240.99,852,98,871.0351324
240.995,928,99,871.0351323
241,830,98,871.0351325
241.005,912,99,871.0351322
241.01,866,99,871.0351323
241.015,825,98,871.0351324
241.02,862,98,871.0351323
241.025,846,97,871.0351324
241.03,831,96,871.0351324
241.035,799,100,871.0351325
241.04,833,99,871.0351323
241.045,839,97,871.0351324
241.05,786,99,871.0351321
241.055,846,97,871.0351324
241.06,773,97,871.0351322
241.065,860,100,871.0351324
241.07,707,98,871.0351323
241.075,784,100,871.0351323
241.08,847,99,871.0351323
241.085,920,99,871.0351317
241.09,896,99,871.0351323
241.095,830,100,871.0351324
241.1,891,99,871.0351322
241.105,886,97,871.0351323
241.11,831,99,871.0351325
241.115,861,98,871.0351322
241.12,780,96,871.0351325
241.125,884,99,871.0351321
241.13,931,96,871.0351326
241.135,873,97,871.0351323
241.14,880,98,871.0351324
241.145,888,95,871.0351324
241.15,897,100,871.0351325
241.155,888,97,871.0351321
241.16,905,97,871.0351324
241.165,923,99,871.0351321
241.17,951,100,871.0351324
241.175,895,98,871.0351321
241.18,914,95,871.0351325
241.185,1010,99,871.0345823
241.19,0,0,871.0351337
241.195,0,0,871.0351325
241.2,938,94,871.0351322
241.205,904,90,871.0351323
241.21,854,88,871.0351325
241.215,898,93,871.0351325
241.22,941,92,871.0351323
241.225,912,89,871.0351323
241.23,944,89,871.0351322
241.235,1029,97,871.0351324
241.24,905,95,871.0351324
241.245,854,89,871.0351329
241.25,930,91,871.0351322
241.255,821,88,871.0351326
241.26,742,83,871.0351322
241.265,785,83,871.0351323
241.27,840,90,871.0351325
241.275,843,86,871.0351325
241.28,762,84,871.0351326
241.285,664,78,871.0351321
241.29,736,84,871.0351322
241.295,733,79,871.0351325
241.3,725,76,871.0351324
241.305,621,73,871.0351322
241.31,661,75,871.0351322
241.315,632,68,871.0351326
241.32,605,74,871.0351326
241.325,677,76,871.0351324
241.33,605,67,871.0351322
241.335,652,73,871.0351323
241.34,546,67,871.0351326
241.345,660,72,871.0351326
241.35,527,59,871.0351325
241.355,563,65,871.0351322
241.36,505,60,871.0351325
241.365,612,69,871.0351327
241.37,517,61,871.0351322
241.375,881,99,871.0345759
241.38,581,68,871.0351321
241.385,573,66,871.0351324
241.39,936,100,871.0345714
241.395,893,98,871.035129
241.4,864,99,871.0351296
241.405,883,99,871.035131
241.41,852,99,871.0351311
241.415,839,100,871.034607
241.42,476,59,871.0351322
241.425,589,67,871.0351322
241.43,525,60,871.0351323
241.435,596,61,871.0351323
241.44,731,71,871.0351325
241.445,589,57,871.0351325
241.45,756,70,871.0351326
241.455,675,66,871.0351323
241.46,690,70,871.035132
241.465,693,67,871.0351326
241.47,727,70,871.0351323
241.475,645,64,871.0351323
241.48,665,68,871.0351324
241.485,568,62,871.0351325
241.49,626,60,871.0351326
241.495,588,61,871.0351323
241.5,551,69,871.0351323
241.505,474,53,871.0351325
241.51,534,61,871.0351319
241.515,652,72,871.0351322
241.52,537,58,871.0351324
241.525,630,72,871.0351323
241.53,662,72,871.0351324
241.535,628,61,871.0351321
241.54,477,57,871.0351324
241.545,600,71,871.0351323
241.55,533,64,871.0351324
241.555,606,69,871.0351323
241.56,797,98,871.0345712
