0,90.5,805,871.0346651
0.5,89,762,871.0346649
1,86.5,787,871.0346652
1.5,91.5,804,871.0346653
2,90,806,871.0346648
2.5,90,809,871.0346652
3,90,836,871.0346649
3.5,92.5,827,871.0346648
4,89,803,871.0346648
4.5,92,837,871.034665
5,92.5,845,871.0346649
5.5,88,774,871.0346652
6,89.5,823,871.0346646
6.5,93,813,871.0346649
7,92.5,865,871.0346647
7.5,91.5,758,871.034665
8,93.5,858,871.0346649
8.5,96,881,871.0346649
9,92.5,805,871.0346648
9.5,90,845,871.0346649
10,92.5,849,871.0346649
10.5,91.5,916,871.0346648
11,89.5,855,871.0346649
11.5,92.5,894,871.0346652
12,91.5,780,871.0346648
12.5,90.5,845,871.034665
13,91.5,844,871.0346645
13.5,91,889,871.0346649
14,94,896,871.034665
14.5,84,780,871.0346645
15,89,840,871.0346647
15.5,90,851,871.0346646
16,91,866,871.0346645
16.5,95,941,871.0346653
17,92,873,871.0346653
17.5,92,905,871.034665
18,96,982,871.0346652
18.5,95.5,935,871.0346652
19,90.5,848,871.0346649
19.5,91.5,870,871.0346649
20,95,852,871.034665
20.5,93.5,904,871.0346651
21,90.5,782,871.0346646
21.5,93,825,871.0346652
22,90,839,871.0346648
22.5,88,785,871.0346648
23,89.5,856,871.0346652
23.5,94.5,934,871.0346649
24,95.5,863,871.0346651
24.5,93,839,871.0346648
25,90.5,841,871.0346649
25.5,93.5,896,871.0346653
26,93,795,871.0346646
26.5,91,889,871.0346649
27,91,819,871.0346649
27.5,89,774,871.0346652
28,90,778,871.0346649
28.5,91,812,871.0346648
29,91,816,871.0346652
29.5,92,801,871.0346654
30,89.5,808,871.0346651
30.5,89,851,871.0346647
31,91,813,871.034665
31.5,89,796,871.0346647
32,93,880,871.0346646
32.5,91,859,871.034665
33,89.5,832,871.0346647
33.5,88.5,838,871.0346652
34,90.5,841,871.0346649
34.5,94,813,871.0346651
35,90.5,782,871.0346645
35.5,89.5,849,871.0346646
36,91,836,871.0346652
36.5,88,788,871.0346652
37,94.5,858,871.0346651
37.5,89,846,871.0346647
38,89.5,760,871.034665
38.5,88.5,890,871.0346651
39,86,815,871.0346649
39.5,92,810,871.0346653
40,86,752,871.0346649
40.5,92,859,871.034665
41,85.5,767,871.0346649
41.5,91.5,863,871.0346649
42,90,840,871.0346649
42.5,89.5,795,871.0346651
43,89,905,871.0346649
43.5,91,780,871.0346651
44,87,761,871.0346647
44.5,89.5,785,871.0346649
45,89.5,899,871.0346647
45.5,91,838,871.0346649
46,91.5,852,871.034665
46.5,88,838,871.0346646
47,92.5,879,871.0346651
47.5,87.5,860,871.0346653
48,88.5,809,871.0346648
48.5,89,811,871.0346651
49,88,793,871.0346651
49.5,90,795,871.0346649
50,93.5,869,871.0346652
50.5,90,865,871.0346651
51,89,848,871.0346644
51.5,86,872,871.0346649
52,88.5,809,871.0346649
52.5,95,922,871.0346652
53,87,869,871.0346647
53.5,89.5,838,871.034665
54,91.5,866,871.0346649
54.5,88,851,871.0346645
55,88.5,864,871.0346646
55.5,91,873,871.0346651
56,88,800,871.0346652
56.5,86,859,871.0346648
57,93,859,871.034665
57.5,89,845,871.0346645
58,89.5,822,871.0346648
58.5,84,815,871.0346646
59,88,791,871.0346649
59.5,87.5,788,871.0346647
60,89,808,871.0346648
60.5,88,818,871.0346648
61,87.5,795,871.034665
61.5,83.5,761,871.0346648
62,93,870,871.0346648
62.5,86.5,802,871.034665
63,88.5,841,871.0346649
63.5,88.5,870,871.0346645
64,84.5,768,871.0346641
64.5,89,823,871.0346645
65,91.5,909,871.0346649
65.5,91,860,871.034665
66,84,760,871.0346647
66.5,89,803,871.0346645
67,84,791,871.0346647
67.5,91.5,868,871.034665
68,86.5,831,871.0346649
68.5,84.5,778,871.034665
69,90,781,871.0346651
69.5,84.5,829,871.0346645
70,88.5,801,871.0346645
70.5,88.5,834,871.0346649
71,88.5,824,871.034665
71.5,86.5,810,871.034665
72,87.5,882,871.0346651
72.5,86,780,871.0346649
73,86,770,871.0346647
73.5,84.5,760,871.034665
74,86,748,871.0346645
74.5,78,675,871.0346648
75,87.5,727,871.0346647
75.5,82,757,871.0346649
76,83,791,871.034665
76.5,85.5,785,871.0346649
77,86.5,856,871.034665
77.5,88.5,823,871.0346648
78,88,837,871.0346645
78.5,90,817,871.0346648
79,89.5,900,871.0346649
79.5,89,904,871.0346651
80,87,866,871.0346648
80.5,87,835,871.0346646
81,85.5,882,871.0346651
81.5,87,817,871.0346649
82,84,811,871.0346644
82.5,83.5,796,871.0346648
83,88,834,871.0346649
83.5,86.5,852,871.0346648
84,84.5,782,871.0346649
84.5,85.5,818,871.0346648
85,86,806,871.0346649
85.5,86.5,818,871.0346646
86,80,757,871.0346651
86.5,82,828,871.0346649
87,89.5,972,871.0346649
87.5,85.5,904,871.0346646
88,85,821,871.0346651
88.5,84.5,890,871.0346646
89,82,781,871.0346649
89.5,88,835,871.0346647
90,82,721,871.0346648
90.5,82,806,871.0346652
91,81.5,760,871.034665
91.5,85.5,766,871.034665
92,88,808,871.0346652
92.5,83,754,871.0346648
93,84,825,871.0346646
93.5,81,767,871.0346648
94,84.5,793,871.0346644
94.5,85,821,871.0346648
95,82,782,871.0346648
95.5,85.5,825,871.0346652
96,81,811,871.0346645
96.5,80.5,802,871.0346648
97,82.5,773,871.0346647
97.5,86.5,806,871.0346653
98,82.5,754,871.0346654
98.5,86,776,871.0346646
99,77.5,690,871.0346648
99.5,85.5,746,871.0346646
100,83.5,787,871.0346647
100.5,84,793,871.0346648
101,82,767,871.034665
101.5,82.5,753,871.0346648
102,82,797,871.0346648
102.5,78,739,871.0346652
103,84.5,760,871.0346652
103.5,83.5,762,871.034665
104,82,771,871.0346651
104.5,79,742,871.0346653
105,77,724,871.0346646
105.5,77,704,871.0346649
106,81.5,751,871.0346651
106.5,78,723,871.0346652
107,83,806,871.0346651
107.5,78,747,871.0346646
108,76,693,871.0346648
108.5,77.5,710,871.0346648
109,76,694,871.0346648
109.5,77.5,760,871.0346652
110,85,805,871.034665
110.5,81.5,719,871.0346652
111,76,760,871.034665
111.5,77.5,712,871.0346646
112,74,697,871.0346649
112.5,77,728,871.034665
113,77.5,716,871.034665
113.5,76,689,871.0346651
114,80.5,741,871.0346652
114.5,76.5,691,871.0346647
115,84.5,855,871.0346646
115.5,78.5,777,871.0346648
116,74,686,871.0346651
116.5,81,711,871.0346651
117,80.5,755,871.034665
117.5,77.5,752,871.0346652
118,78.5,729,871.0346654
118.5,80,819,871.0346646
119,79,770,871.0346647
119.5,76,747,871.0346648
120,77.5,731,871.0346646
120.5,77.5,722,871.0346651
121,77.5,696,871.0346653
121.5,80,732,871.0346651
122,79.5,725,871.0346653
122.5,78,690,871.0346648
123,77.5,742,871.0346649
123.5,75,685,871.0346648
124,80,766,871.0346647
124.5,75,715,871.0346648
125,75,737,871.0346646
125.5,75,669,871.0346652
126,73.5,687,871.0346646
126.5,74,684,871.0346649
127,68.5,666,871.0346645
127.5,75,633,871.0346649
128,78,692,871.0346648
128.5,71.5,599,871.0346653
129,78,666,871.034665
129.5,77.5,724,871.0346649
130,72.5,667,871.0346651
130.5,77,694,871.0346644
131,74.5,670,871.0346647
131.5,75.5,712,871.0346647
132,73,697,871.0346648
132.5,71,659,871.0346648
133,76,762,871.0346652
133.5,77.5,707,871.0346649
134,71,624,871.0346646
134.5,73,632,871.0346649
135,81.5,726,871.0346649
135.5,79.5,765,871.0346649
136,75,697,871.0346654
136.5,74,647,871.0346651
137,76,664,871.0346651
137.5,83,784,871.0346651
138,69.5,646,871.0346652
138.5,75.5,667,871.0346649
139,73,634,871.0346654
139.5,73,670,871.0346647
140,69.5,624,871.0346649
140.5,74,649,871.0346651
141,69,630,871.0346649
141.5,66.5,581,871.0346651
142,71,654,871.0346649
142.5,70.5,637,871.0346651
143,66.5,594,871.0346648
143.5,67,577,871.0346649
144,77,695,871.0346649
144.5,66,601,871.0346648
145,76,652,871.034665
145.5,68.5,565,871.0346653
146,72,609,871.034665
146.5,73.5,689,871.0346652
147,68,584,871.0346647
147.5,62.5,536,871.0346651
148,73.5,701,871.0346649
148.5,70,606,871.034665
149,76.5,699,871.0346647
149.5,66.5,606,871.0346653
150,68.5,612,871.034665
150.5,65.5,609,871.0346646
151,62,574,871.0346647
151.5,67.5,577,871.0346647
152,66.5,686,871.0346647
152.5,75.5,702,871.034665
153,62,570,871.0346653
153.5,72,663,871.034665
154,67,588,871.0346652
154.5,74,683,871.034665
155,69.5,606,871.0346649
155.5,68,607,871.0346649
156,66,578,871.034665
156.5,63,547,871.0346647
157,63.5,559,871.0346653
157.5,66,596,871.0346649
158,69,612,871.0346649
158.5,64.5,590,871.0346649
159,75.5,633,871.0346648
159.5,67,612,871.0346647
160,71,641,871.0346648
160.5,72.5,711,871.0346649
161,59,518,871.034665
161.5,65.5,602,871.034665
162,66,598,871.034665
162.5,67.5,616,871.0346653
163,64.5,575,871.034665
163.5,66.5,564,871.0346651
164,76,717,871.0346649
164.5,69,600,871.034665
165,58.5,559,871.0346648
165.5,60,548,871.0346653
166,65.5,586,871.0346651
166.5,66.5,625,871.0346651
167,58,562,871.0346646
167.5,63.5,607,871.034665
168,64,598,871.0346648
168.5,67,578,871.0346649
169,63.5,571,871.0346648
169.5,64.5,570,871.0346647
170,73.5,625,871.034665
170.5,63.5,574,871.0346648
171,60,560,871.0346651
171.5,63.5,560,871.0346652
172,64,668,871.0346646
172.5,65,621,871.034665
173,72,639,871.034665
173.5,68,596,871.0346646
174,58.5,531,871.0346649
174.5,65,571,871.0346652
175,65,572,871.0346651
175.5,62.5,581,871.0346646
176,63,566,871.0346651
176.5,61.5,490,871.0346648
177,61.5,586,871.0346652
177.5,63.5,545,871.0346646
178,56,486,871.034665
178.5,62,553,871.0346648
179,62,550,871.034665
179.5,67.5,642,871.0346647
180,62,507,871.0346651
180.5,71,688,871.0346649
181,67.5,644,871.0346646
181.5,62,498,871.0346648
182,60.5,484,871.0346649
182.5,56.5,456,871.034665
183,58,488,871.0346652
183.5,59,516,871.0346648
184,61.5,575,871.0346651
184.5,74.5,657,871.0346648
185,63.5,571,871.0346647
185.5,65,588,871.0346648
186,66,643,871.0346647
186.5,66.5,608,871.034665
187,62,585,871.034665
187.5,63.5,573,871.0346651
188,63,567,871.0346647
188.5,59,537,871.0346648
189,65.5,591,871.0346647
189.5,64,596,871.034665
190,60,526,871.034665
190.5,62.5,565,871.034665
191,59.5,497,871.0346653
191.5,58.5,521,871.0346649
192,66,581,871.034665
192.5,65.5,593,871.0346649
193,66.5,632,871.0346648
193.5,65,616,871.0346652
194,59.5,538,871.0346651
194.5,59.5,478,871.0346647
195,67,663,871.0346651
195.5,61.5,536,871.034665
196,61.5,543,871.0346652
196.5,64,599,871.0346646
197,59,589,871.0346646
197.5,64.5,607,871.0346648
198,71.5,640,871.0346648
198.5,64.5,518,871.0346647
199,60.5,536,871.0346647
199.5,57.5,509,871.034665
200,62,543,871.0346648
200.5,58.5,518,871.0346646
201,64,525,871.0346646
201.5,62.5,538,871.0346648
202,58,537,871.0346651
202.5,56.5,517,871.0346651
203,64,577,871.0346651
203.5,55,496,871.034665
204,63,577,871.0346646
204.5,60,531,871.0346648
205,56,513,871.0346648
205.5,59,553,871.0346655
206,63.5,578,871.0346647
206.5,63,633,871.0346648
207,55.5,443,871.0346649
207.5,57,459,871.0346648
208,56.5,426,871.0346649
208.5,61,595,871.0346649
209,61.5,599,871.034665
209.5,68,680,871.034665
210,58,629,871.034665
210.5,64.5,663,871.0346649
211,67.5,682,871.034665
211.5,68,638,871.0346653
212,60,586,871.034665
212.5,61.5,564,871.0346647
213,57,572,871.034665
213.5,56.5,591,871.0346646
214,63,662,871.0346648
214.5,54.5,551,871.0346649
215,59.5,589,871.0346648
215.5,61,612,871.0346647
216,57.5,571,871.0346649
216.5,52.5,507,871.0346648
217,55,534,871.0346647
217.5,55,492,871.0346646
218,56.5,521,871.034665
218.5,55.5,482,871.0346648
219,52.5,447,871.0346648
219.5,54,509,871.0346648
220,57.5,523,871.0346647
220.5,57,542,871.0346648
221,57.5,518,871.0346647
221.5,56,518,871.034665
222,54,513,871.0346651
222.5,51,481,871.0346651
223,58.5,560,871.0346648
223.5,59.5,578,871.0346648
224,54,482,871.0346648
224.5,73,660,871.0346649
225,62,569,871.0346646
225.5,59,561,871.0346644
226,55.5,522,871.0346645
226.5,44,398,871.0346647
227,52.5,480,871.0346649
227.5,49.5,462,871.0346651
228,58.5,560,871.0346651
228.5,60,558,871.0346649
229,45.5,436,871.0346647
229.5,53,479,871.0346645
230,64,603,871.034665
230.5,54,499,871.0346651
231,58.5,616,871.0346651
231.5,56.5,509,871.0346649
232,59.5,610,871.0346649
232.5,51.5,502,871.0346644
233,53.5,556,871.0346649
233.5,57.5,525,871.0346647
234,54,549,871.0346647
234.5,58.5,535,871.0346649
235,56,523,871.0346647
235.5,60,570,871.0346651
236,51,482,871.0346649
236.5,55,530,871.0346647
237,54,581,871.0346649
237.5,58,524,871.0346648
238,56,572,871.0346648
238.5,62.5,573,871.0346649
239,53.5,494,871.0346647
239.5,62,549,871.0346646
240,55.5,517,871.034665
240.5,58,542,871.0346646
241,50.5,509,871.034665
241.5,60.5,583,871.0346647
242,55,531,871.0346648
242.5,61.5,552,871.0346646
243,55.5,511,871.0346648
243.5,51,556,871.0346652
244,53,519,871.0346646
244.5,52.5,539,871.0346648
245,54.5,520,871.034665
245.5,56.5,542,871.0346647
246,50,487,871.0346647
246.5,62.5,584,871.0346646
247,62,637,871.0346647
247.5,57.5,551,871.0346648
248,62,630,871.0346645
248.5,60.5,566,871.0346648
249,57.5,577,871.0346645
249.5,51.5,535,871.0346649
250,57.5,563,871.0346652
250.5,62.5,647,871.0346654
251,52.5,461,871.034665
251.5,58.5,611,871.0346648
252,55,543,871.0346645
252.5,61.5,548,871.034665
253,49,513,871.0346644
253.5,53.5,506,871.0346646
254,55,496,871.0346648
254.5,53.5,476,871.0346646
255,47,447,871.0346647
255.5,49,470,871.0346648
256,51.5,493,871.0346648
256.5,55.5,539,871.0346651
257,53.5,496,871.0346647
257.5,57,484,871.034665
258,54,529,871.0346648
258.5,55,537,871.0346644
259,61.5,610,871.0346649
259.5,54.5,609,871.0346649
260,49.5,532,871.0346646
260.5,56,545,871.034665
261,60,599,871.0346648
261.5,55,530,871.0346649
262,56,576,871.0346648
262.5,55,526,871.0346648
263,53,497,871.0346645
263.5,50,503,871.0346648
264,58,569,871.0346651
264.5,55.5,510,871.0346651
265,56,571,871.0346643
265.5,56,548,871.0346651
266,55,547,871.0346648
266.5,60.5,575,871.0346648
267,53,524,871.0346649
267.5,55,533,871.0346647
268,60.5,544,871.0346649
268.5,53,495,871.0346645
269,52.5,549,871.0346652
269.5,55.5,555,871.0346648
270,49,464,871.0346651
270.5,51.5,490,871.0346647
271,55,507,871.0346646
271.5,43,437,871.0346646
272,56,530,871.034665
272.5,46.5,426,871.0346649
273,50,496,871.0346646
273.5,47.5,475,871.034665
274,50.5,514,871.0346646
274.5,54.5,530,871.0346646
275,47.5,451,871.0346647
275.5,48,494,871.0346649
276,54.5,482,871.0346652
276.5,56,515,871.0346648
277,48.5,464,871.0346648
277.5,49.5,505,871.0346649
278,55,505,871.0346649
278.5,56,507,871.0346648
279,47.5,447,871.0346649
279.5,49.5,488,871.0346648
280,51.5,470,871.0346649
280.5,53,493,871.0346653
281,58.5,526,871.0346649
281.5,51,503,871.034665
282,59.5,573,871.0346651
282.5,51,525,871.0346648
283,45,439,871.0346647
283.5,51,461,871.0346647
284,51.5,491,871.0346647
284.5,45,439,871.0346645
285,44,400,871.0346649
285.5,52,468,871.0346649
286,51.5,458,871.0346651
286.5,54.5,521,871.034665
287,57,519,871.034665
287.5,50.5,477,871.0346652
288,49,412,871.0346647
288.5,50.5,432,871.0346647
289,53,492,871.0346649
289.5,46,483,871.0346647
290,47.5,462,871.034665
290.5,54.5,489,871.0346649
291,52,496,871.0346651
291.5,49.5,470,871.0346643
292,51,474,871.034665
292.5,48.5,467,871.0346648
293,50,521,871.0346648
293.5,61.5,537,871.0346649
294,47.5,436,871.0346647
294.5,52.5,462,871.0346652
295,59,563,871.0346648
295.5,52,480,871.0346648
296,51,481,871.0346653
296.5,52,461,871.0346645
297,54.5,498,871.0346647
297.5,48.5,457,871.0346649
298,51.5,469,871.0346652
298.5,61.5,581,871.0346649
299,54.5,511,871.0346648
299.5,50,463,871.0346648
300,51,486,871.0346652
300.5,51,491,871.0346648
301,48.5,442,871.034665
301.5,52.5,498,871.0346647
302,55.5,511,871.0346648
302.5,54,453,871.0346652
303,47,456,871.0346647
303.5,57.5,535,871.0346649
304,49.5,451,871.0346651
304.5,53,495,871.0346652
305,55,525,871.0346649
305.5,50,477,871.0346648
306,48.5,468,871.0346647
306.5,54.5,537,871.0346649
307,53,519,871.0346651
307.5,50.5,495,871.034665
308,50.5,463,871.0346653
308.5,53.5,504,871.0346648
309,55,492,871.0346651
309.5,56.5,520,871.0346648
310,55,560,871.0346651
310.5,52.5,496,871.0346648
311,56,543,871.0346647
311.5,46.5,439,871.0346648
312,49.5,443,871.0346651
312.5,46.5,451,871.034665
313,57.5,588,871.034665
313.5,53.5,471,871.0346648
314,56,562,871.0346652
314.5,49,462,871.0346651
315,52.5,496,871.0346651
315.5,45,433,871.0346652
316,43,392,871.0346652
316.5,54,488,871.034665
317,52.5,504,871.0346645
317.5,52.5,520,871.0346647
318,55,556,871.0346649
318.5,41.5,391,871.0346648
319,49,487,871.0346648
319.5,46,414,871.0346648
320,50.5,445,871.0346651
320.5,51.5,517,871.0346647
321,54,499,871.0346652
321.5,54,496,871.0346648
322,56,494,871.0346652
322.5,50.5,428,871.0346649
323,50,489,871.0346647
323.5,54,482,871.0346646
324,53,437,871.0346652
324.5,48.5,436,871.0346652
325,54,441,871.0346649
325.5,47,396,871.0346649
326,49.5,431,871.0346652
326.5,51.5,490,871.0346652
327,51,464,871.0346647
327.5,53.5,464,871.0346651
328,49.5,461,871.0346649
328.5,47,453,871.0346647
329,53,457,871.0346649
329.5,55.5,532,871.0346652
330,51.5,471,871.034665
330.5,48.5,435,871.034665
331,48,437,871.0346647
331.5,60.5,531,871.0346652
332,49,478,871.0346647
332.5,56.5,505,871.0346646
333,56,480,871.034665
333.5,50.5,394,871.0346647
334,51,502,871.0346652
334.5,58,581,871.0346652
335,59,573,871.0346651
335.5,54.5,572,871.0346649
336,52.5,527,871.0346651
336.5,52.5,458,871.034665
337,60,595,871.0346651
337.5,54,480,871.0346648
338,50,507,871.0346648
338.5,51.5,424,871.0346645
339,51,471,871.034665
339.5,53.5,504,871.0346647
340,53.5,558,871.0346651
340.5,55,538,871.0346651
341,52.5,528,871.0346652
341.5,51,501,871.0346647
342,54,517,871.0346648
342.5,58.5,554,871.0346646
343,55,592,871.034665
343.5,61.5,567,871.0346649
344,61,546,871.0346647
344.5,55,524,871.0346647
345,51,494,871.0346645
345.5,57.5,606,871.0346651
346,63.5,620,871.0346647
346.5,60,577,871.0346648
347,58,553,871.034665
347.5,50,504,871.0346649
348,59.5,610,871.0346649
348.5,63,622,871.0346652
349,57,557,871.0346647
349.5,58.5,566,871.0346654
350,63,636,871.0346652
350.5,62.5,598,871.0346648
351,65.5,606,871.034665
351.5,70.5,642,871.0346647
352,94,840,871.0346651
352.5,69.5,563,871.034665
353,70.5,580,871.0346649
353.5,63,520,871.0346648
354,65,534,871.0346649
354.5,66,604,871.0346648
355,65.5,582,871.0346652
355.5,67,644,871.0346649
356,60,578,871.0346653
356.5,63,543,871.034665
357,66,640,871.0346647
357.5,62.5,597,871.0346652
358,62.5,630,871.0346647
358.5,66,618,871.0346649
359,67,667,871.0346652
359.5,56,565,871.0346647
360,60.5,601,871.0346648
360.5,60.5,600,871.0346651
361,65.5,654,871.034665
361.5,59.5,556,871.034665
362,65.5,645,871.0346648
362.5,64.5,655,871.0346647
363,64,620,871.0346647
363.5,63.5,654,871.0346646
364,65,617,871.034665
364.5,69,633,871.0346646
365,62.5,636,871.0346647
365.5,64,574,871.0346642
366,60.5,611,871.0346646
366.5,66,627,871.034665
367,64,573,871.0346653
367.5,65,572,871.0346645
368,62.5,566,871.0346645
368.5,69.5,664,871.0346648
369,63.5,616,871.0346649
369.5,65.5,642,871.0346648
370,63.5,658,871.0346645
370.5,65,632,871.0346648
371,61.5,594,871.0346651
371.5,67.5,684,871.0346649
372,67.5,684,871.0346644
372.5,64,599,871.0346645
373,72,698,871.0346647
373.5,70.5,668,871.0346648
374,69,663,871.0346643
374.5,60,590,871.0346648
375,70.5,716,871.034665
375.5,64,637,871.0346644
376,65,690,871.0346649
376.5,69.5,686,871.0346648
377,73,729,871.0346651
377.5,61.5,590,871.0346648
378,66,623,871.0346646
378.5,62.5,629,871.0346649
379,65,679,871.0346654
379.5,71.5,694,871.0346647
380,71.5,678,871.0346644
380.5,67,646,871.0346646
381,67,642,871.0346647
381.5,66.5,678,871.0346646
382,62,590,871.0346643
382.5,66,647,871.0346653
383,66.5,664,871.0346646
383.5,63.5,642,871.0346652
384,74.5,675,871.0346649
384.5,65.5,644,871.0346651
385,70.5,654,871.0346646
385.5,65.5,595,871.0346647
386,64,628,871.034665
386.5,65.5,665,871.0346644
387,70,667,871.0346646
387.5,69,643,871.0346648
388,68.5,683,871.0346649
388.5,72,694,871.0346651
389,65,633,871.0346648
389.5,72.5,684,871.0346648
390,70.5,700,871.0346648
390.5,67,693,871.0346645
391,69,763,871.0346649
391.5,67.5,681,871.0346646
392,68,693,871.0346648
392.5,71,719,871.0346649
393,68,665,871.0346649
393.5,66,694,871.0346649
394,68,699,871.0346647
394.5,66.5,662,871.0346649
395,65.5,649,871.0346651
395.5,70,692,871.0346646
396,67.5,668,871.0346647
396.5,67.5,647,871.0346646
397,70.5,669,871.0346648
397.5,66,665,871.0346647
398,67.5,647,871.0346649
398.5,72,793,871.0346648
399,69,691,871.0346649
399.5,68.5,642,871.0346648
400,68,693,871.0346651
400.5,72.5,706,871.0346645
401,67,651,871.0346648
401.5,67.5,637,871.0346647
402,75.5,744,871.0346648
402.5,71,714,871.034665
403,69.5,672,871.0346651
403.5,69.5,711,871.0346647
404,65.5,620,871.0346648
404.5,71,718,871.0346648
405,67,633,871.0346649
405.5,69.5,679,871.0346648
406,65,597,871.0346652
406.5,68,731,871.0346648
407,70.5,690,871.0346649
407.5,66.5,661,871.0346648
408,63,625,871.034665
408.5,67.5,654,871.0346646
409,69.5,711,871.0346644
409.5,68,667,871.0346648
410,66,671,871.0346649
410.5,64.5,631,871.0346647
411,71.5,667,871.034665
411.5,66.5,650,871.0346646
412,69.5,702,871.0346647
412.5,71,647,871.0346648
413,66.5,688,871.0346646
413.5,67,681,871.0346647
414,65,629,871.0346647
414.5,69.5,675,871.0346646
415,69.5,677,871.0346647
415.5,62,623,871.0346651
416,66.5,677,871.0346647
416.5,63,615,871.0346649
417,72.5,749,871.0346649
417.5,65.5,683,871.034665
418,67.5,663,871.034665
418.5,73,687,871.034665
419,74,699,871.0346647
419.5,62,626,871.0346647
420,73,691,871.0346649
420.5,68,645,871.0346649
421,69,674,871.0346645
421.5,75,734,871.0346647
422,72,653,871.0346649
422.5,67.5,650,871.0346644
423,73.5,688,871.0346644
423.5,75.5,767,871.0346649
424,66,651,871.0346651
424.5,72.5,737,871.0346646
425,67,666,871.0346643
425.5,70.5,739,871.0346646
426,73,669,871.0346647
426.5,71,686,871.0346648
427,70,730,871.0346651
427.5,65,687,871.0346651
428,72,770,871.0346644
428.5,65.5,689,871.0346647
429,69.5,735,871.0346649
429.5,68.5,702,871.0346647
430,73,737,871.0346647
430.5,73,713,871.0346648
431,68.5,679,871.0346649
431.5,74,775,871.0346653
432,76,779,871.0346648
432.5,73,743,871.0346648
433,63.5,646,871.0346647
433.5,68.5,770,871.0346646
434,70,704,871.034665
434.5,67,663,871.0346649
435,64.5,673,871.0346647
435.5,67.5,673,871.0346647
436,65,663,871.0346646
436.5,65.5,671,871.0346648
437,71,714,871.0346647
437.5,63,626,871.0346654
438,60,599,871.0346649
438.5,67.5,651,871.0346648
439,63.5,604,871.0346647
439.5,67,671,871.0346647
440,67.5,715,871.0346644
440.5,61.5,576,871.034665
441,67.5,686,871.0346647
441.5,63,623,871.0346647
442,76.5,778,871.0346646
442.5,69.5,698,871.0346649
443,76.5,716,871.0346646
443.5,63,609,871.0346652
444,71,675,871.034665
444.5,67,648,871.0346649
445,70.5,714,871.0346649
445.5,67,678,871.0346645
446,71.5,689,871.0346647
446.5,69.5,725,871.0346649
447,67,683,871.0346648
447.5,66,664,871.034665
448,68.5,672,871.0346644
448.5,69,658,871.0346646
449,73,690,871.0346647
449.5,68,674,871.0346646
450,70.5,749,871.0346646
450.5,71.5,760,871.0346648
451,74,740,871.0346647
451.5,74,756,871.034665
452,74.5,721,871.0346647
452.5,73.5,686,871.0346648
453,72,751,871.0346647
453.5,76.5,772,871.0346648
454,69,709,871.0346649
454.5,78,754,871.0346648
455,73.5,696,871.0346646
455.5,72.5,730,871.0346647
456,77.5,722,871.0346648
456.5,76,796,871.034665
457,76.5,774,871.0346649
457.5,72.5,757,871.0346647
458,73.5,755,871.0346648
458.5,71,699,871.0346646
459,70,680,871.0346647
459.5,67,684,871.0346647
460,68.5,659,871.0346646
460.5,69,677,871.0346647
461,71,672,871.0346645
461.5,69,665,871.0346647
462,71,749,871.0346644
462.5,68.5,714,871.034665
463,66,655,871.0346652
463.5,81,779,871.0346653
464,67.5,694,871.0346649
464.5,73,721,871.0346647
465,71,698,871.034665
465.5,65,611,871.0346652
466,75,730,871.0346651
466.5,69,689,871.0346645
467,70,751,871.0346649
467.5,73,770,871.0346647
468,65,664,871.0346648
468.5,67,716,871.0346649
469,77.5,738,871.0346653
469.5,70,648,871.0346649
470,69,687,871.0346648
470.5,69,716,871.0346646
471,75.5,773,871.0346647
471.5,79,746,871.0346647
472,68,677,871.0346645
472.5,79,740,871.034665
473,72.5,662,871.0346646
473.5,75.5,728,871.0346646
474,70,657,871.0346649
474.5,73.5,700,871.0346645
475,75.5,665,871.0346651
475.5,67,683,871.0346648
476,68.5,681,871.0346649
476.5,77.5,767,871.034665
477,76.5,752,871.0346646
477.5,69.5,703,871.0346649
478,69,694,871.0346644
478.5,69.5,653,871.0346648
479,74,718,871.0346651
479.5,73.5,758,871.0346645
480,77.5,740,871.0346648
480.5,72.5,738,871.0346652
481,75.5,764,871.034665
481.5,79,747,871.0346646
482,73,759,871.0346647
482.5,77,741,871.0346656
483,79,813,871.0346649
483.5,74,718,871.0346652
484,72,708,871.0346651
484.5,76,761,871.0346647
485,75,739,871.0346648
485.5,74.5,763,871.0346648
486,77,753,871.0346648
486.5,79.5,769,871.0346651
487,78.5,805,871.0346647
487.5,75.5,693,871.034665
488,76.5,788,871.0346647
488.5,77,772,871.0346651
489,75,696,871.0346651
489.5,76,728,871.0346648
490,79,773,871.034665
490.5,78.5,772,871.0346648
491,75.5,739,871.0346651
491.5,73,669,871.0346652
492,81.5,792,871.0346648
492.5,79.5,750,871.0346649
493,76,777,871.034665
493.5,73.5,720,871.034665
494,75.5,764,871.0346646
494.5,80,851,871.0346648
495,79,803,871.0346647
495.5,76.5,798,871.0346648
496,84.5,900,871.0346646
496.5,82.5,879,871.0346648
497,76.5,774,871.0346648
497.5,75.5,685,871.0346648
498,74,734,871.034665
498.5,75,695,871.0346646
499,76.5,829,871.0346653
499.5,77.5,788,871.0346647
500,70.5,683,871.034665
500.5,72.5,682,871.0346648
501,80,795,871.034665
501.5,81,813,871.0346648
502,83.5,800,871.0346655
502.5,76.5,723,871.0346648
503,82,762,871.0346654
503.5,73,704,871.0346649
504,70,656,871.0346649
504.5,76,769,871.0346647
505,73.5,706,871.034665
505.5,78.5,785,871.034665
506,75.5,792,871.0346649
506.5,75.5,712,871.0346648
507,75,706,871.0346648
507.5,71.5,665,871.034665
508,80.5,777,871.0346652
508.5,76,731,871.0346647
509,78,805,871.0346649
509.5,82.5,768,871.0346651
510,76,781,871.0346647
510.5,80,742,871.0346647
511,76,736,871.0346647
511.5,73,716,871.0346649
512,77,732,871.0346651
512.5,78,776,871.0346648
513,75.5,666,871.0346648
513.5,76.5,753,871.0346649
514,72.5,682,871.034665
514.5,77.5,776,871.0346651
515,76,722,871.0346646
515.5,78,721,871.0346648
516,76,747,871.034665
516.5,75,677,871.0346645
517,69.5,653,871.034665
517.5,76.5,719,871.0346646
518,76.5,690,871.0346647
518.5,78,783,871.0346649
519,76.5,742,871.0346649
519.5,74.5,732,871.0346657
520,77.5,766,871.0346644
520.5,76,706,871.0346651
521,73.5,732,871.0346649
521.5,77,739,871.034665
522,82.5,802,871.0346649
522.5,81.5,781,871.034665
523,84.5,810,871.0346646
523.5,80,732,871.034665
524,76.5,727,871.0346649
524.5,75.5,780,871.0346651
525,72,692,871.0346648
525.5,75.5,724,871.0346647
526,81.5,736,871.0346649
526.5,75,753,871.0346651
527,74.5,795,871.0346648
527.5,75,754,871.0346649
528,82,829,871.0346646
528.5,78,775,871.0346648
529,76,716,871.0346649
529.5,73,737,871.034665
530,76,828,871.034665
530.5,72.5,653,871.0346649
531,78,808,871.0346651
531.5,72,743,871.034665
532,77,761,871.0346648
532.5,77,800,871.0346651
533,75.5,769,871.0346647
533.5,76.5,767,871.0346646
534,79.5,829,871.0346644
534.5,78,732,871.0346649
535,79.5,803,871.0346645
535.5,77,809,871.0346648
536,82,799,871.0346649
536.5,81.5,849,871.034665
537,85.5,863,871.0346648
537.5,77,794,871.0346649
538,81.5,777,871.0346648
538.5,75,771,871.0346649
539,82,820,871.0346646
539.5,76.5,785,871.0346649
540,80.5,815,871.0346649
540.5,78.5,752,871.0346648
541,70.5,711,871.0346648
541.5,79.5,786,871.0346649
542,81.5,772,871.0346651
542.5,81,815,871.0346652
543,80.5,808,871.0346648
543.5,79,810,871.0346648
544,77.5,795,871.0346647
544.5,75.5,736,871.0346649
545,74.5,734,871.0346651
545.5,74.5,727,871.0346649
546,74.5,762,871.034665
546.5,79.5,845,871.0346651
547,78.5,783,871.0346649
547.5,77,731,871.0346646
548,74.5,695,871.0346646
548.5,77,727,871.0346653
549,86,820,871.0346651
549.5,83,893,871.0346647
550,78,769,871.0346647
550.5,74.5,790,871.0346645
551,80,799,871.0346652
551.5,79.5,798,871.0346648
552,81.5,806,871.0346653
552.5,80.5,774,871.0346648
553,75.5,793,871.0346649
553.5,73,756,871.034665
554,77,832,871.034665
554.5,76,800,871.0346649
555,76,819,871.0346649
555.5,75,820,871.0346646
556,74,742,871.0346644
556.5,74.5,795,871.0346643
557,76.5,779,871.0346645
557.5,80.5,818,871.0346642
558,70.5,759,871.0346647
558.5,78.5,808,871.0346648
559,78.5,783,871.0346646
559.5,80,821,871.0346647
560,77.5,811,871.0346647
560.5,77.5,796,871.0346649
561,77,777,871.0346651
561.5,77,807,871.0346647
562,78.5,813,871.0346647
562.5,76.5,767,871.0346652
563,78.5,760,871.034665
563.5,73.5,722,871.0346648
564,79,801,871.0346648
564.5,76,757,871.0346645
565,71,727,871.0346648
565.5,71,803,871.0346647
566,83,813,871.0346651
566.5,79,823,871.0346649
567,76,743,871.0346645
567.5,75.5,761,871.0346645
568,83.5,833,871.0346646
568.5,77.5,765,871.0346647
569,72.5,762,871.0346647
569.5,71.5,712,871.0346648
570,81,789,871.0346648
570.5,77.5,792,871.0346648
571,75.5,787,871.0346645
571.5,75.5,831,871.0346651
572,81.5,867,871.0346649
572.5,80.5,739,871.034665
573,76.5,714,871.0346651
573.5,76,727,871.0346648
574,74.5,750,871.0346649
574.5,76.5,775,871.0346646
575,77.5,744,871.0346648
575.5,72.5,735,871.034665
576,80,757,871.0346649
576.5,78.5,781,871.0346647
577,82.5,751,871.0346644
577.5,77.5,733,871.034665
578,73,735,871.0346646
578.5,81.5,809,871.0346646
579,74.5,679,871.0346648
579.5,84,799,871.034665
580,76.5,779,871.0346651
580.5,77.5,806,871.0346648
581,80,775,871.0346648
581.5,76.5,753,871.0346648
582,81.5,824,871.0346646
582.5,80.5,832,871.0346648
583,79,787,871.034665
583.5,76,690,871.0346647
584,81,826,871.0346649
584.5,79.5,781,871.0346651
585,77,750,871.0346648
585.5,80,790,871.0346648
586,82.5,828,871.0346647
586.5,83.5,784,871.0346647
587,78,820,871.0346649
587.5,81.5,818,871.0346648
588,76,763,871.0346647
588.5,78.5,830,871.0346648
589,80,802,871.0346645
589.5,78,803,871.0346647
590,81,816,871.0346648
590.5,75,686,871.0346647
591,83.5,809,871.034665
591.5,80,781,871.0346648
592,78,741,871.0346643
592.5,76.5,763,871.0346649
593,78.5,778,871.0346645
593.5,81,755,871.034665
594,76.5,755,871.0346648
594.5,75,741,871.0346647
595,78.5,767,871.0346647
595.5,75,739,871.0346648
596,80,807,871.0346648
596.5,83,885,871.0346644
597,78,780,871.0346643
597.5,70.5,678,871.0346646
598,78,798,871.0346646
598.5,72.5,757,871.0346649
599,77,747,871.0346648
599.5,75.5,798,871.0346644
600,81.5,893,871.0346649
600.5,81,906,871.034665
601,75.5,756,871.0346645
601.5,80.5,868,871.0346649
602,74,739,871.0346642
602.5,74,756,871.0346646
603,81.5,839,871.0346644
603.5,80,868,871.0346645
604,81,834,871.0346652
604.5,70.5,670,871.0346647
605,74,760,871.0346649
605.5,77,717,871.0346644
606,79,814,871.0346644
606.5,75.5,781,871.0346645
607,70,703,871.0346652
607.5,78,766,871.0346645
608,72,715,871.034665
608.5,74,686,871.0346643
609,74,709,871.0346649
609.5,74,746,871.0346649
610,79,790,871.0346647
610.5,81.5,861,871.0346647
611,80,815,871.0346642
611.5,75,823,871.0346645
612,80.5,840,871.0346647
612.5,78,763,871.0346647
613,72.5,740,871.0346644
613.5,81.5,851,871.0346649
614,77,813,871.0346648
614.5,81,889,871.0346649
615,79.5,790,871.0346646
615.5,78,743,871.0346651
616,76,797,871.034665
616.5,77,811,871.0346646
617,77.5,782,871.0346648
617.5,80.5,860,871.034665
618,83.5,886,871.0346651
618.5,78.5,835,871.0346652
619,77.5,742,871.034665
619.5,76.5,783,871.0346647
620,74,753,871.0346648
620.5,83.5,860,871.0346645
621,78,789,871.034665
621.5,84,874,871.0346643
622,42.5,456,871.0346647
622.5,78.5,817,871.0346644
623,78.5,814,871.0346648
623.5,77.5,843,871.0346649
624,73,731,871.0346645
624.5,83.5,841,871.0346647
625,79,827,871.0346647
625.5,75.5,830,871.0346647
626,82.5,945,871.0346646
626.5,76.5,903,871.0346646
627,82,886,871.0346646
627.5,78.5,910,871.0346647
628,83,923,871.0346648
628.5,74.5,761,871.034665
629,81,831,871.0346649
629.5,78.5,842,871.0346652
630,71.5,771,871.0346642
630.5,68.5,708,871.0346647
631,79,784,871.0346648
631.5,78,782,871.0346646
632,78,766,871.0346651
632.5,78,743,871.0346647
633,80,832,871.0346646
633.5,75.5,815,871.0346645
634,85,929,871.0346647
634.5,75.5,808,871.0346649
635,76.5,786,871.0346646
635.5,76.5,807,871.0346648
636,84,822,871.0346647
636.5,72,716,871.0346647
637,81.5,849,871.0346648
637.5,75.5,865,871.0346648
638,74,746,871.0346648
638.5,80,825,871.0346644
639,37.5,412,871.0346648
639.5,5,72,871.034665
640,5,72,871.0346651
640.5,7,78,871.0346648
641,6.5,77,871.0346648
641.5,6,75,871.0346651
642,3.5,61,871.0346651
642.5,8.5,83,871.0346644
643,7,78,871.0346651
643.5,5,62,871.0346647
644,7,81,871.0346648
644.5,67,667,871.0346646
645,77,813,871.0346647
645.5,75.5,838,871.034665
646,74,793,871.0346647
646.5,75.5,744,871.0346653
647,75.5,757,871.0346646
647.5,78.5,795,871.0346649
648,73,683,871.0346651
648.5,65.5,672,871.0346647
649,64,644,871.0346646
649.5,75,728,871.0346646
650,66.5,652,871.0346647
650.5,68,672,871.0346647
651,72,708,871.0346648
651.5,75,769,871.0346645
652,77.5,773,871.0346648
652.5,74.5,770,871.0346649
653,79.5,798,871.0346648
653.5,71,718,871.0346648
654,80.5,779,871.0346651
654.5,78.5,786,871.0346649
655,77,771,871.0346647
655.5,75.5,772,871.0346645
656,77.5,793,871.0346647
656.5,79.5,806,871.0346649
657,72.5,734,871.0346648
657.5,75.5,755,871.0346646
658,66.5,706,871.0346645
658.5,79,820,871.0346644
659,81.5,813,871.0346649
659.5,74,703,871.0346647
660,70.5,708,871.0346648
660.5,64,648,871.034665
661,70.5,676,871.0346646
661.5,77,731,871.0346648
662,74.5,749,871.0346646
662.5,74.5,721,871.034665
663,70.5,725,871.034665
663.5,76.5,797,871.0346647
664,74.5,718,871.0346645
664.5,81.5,851,871.0346649
665,79.5,786,871.0346648
665.5,75.5,787,871.0346644
666,69.5,716,871.0346647
666.5,80,804,871.0346645
667,77.5,784,871.0346646
667.5,69.5,694,871.0346649
668,78.5,789,871.0346645
668.5,73,757,871.034665
669,79.5,790,871.034665
669.5,73,710,871.0346646
670,73,749,871.0346649
670.5,75,756,871.0346647
671,78,776,871.0346647
671.5,72.5,760,871.0346649
672,73.5,761,871.0346647
672.5,74,740,871.0346643
673,73,779,871.0346645
673.5,72,780,871.0346646
674,75,861,871.0346646
674.5,63.5,698,871.0346644
675,76,782,871.0346644
675.5,76,789,871.0346648
676,70.5,711,871.0346648
676.5,72.5,708,871.0346648
677,78,811,871.0346652
677.5,66.5,676,871.0346648
678,73,714,871.0346646
678.5,81.5,834,871.0346646
679,68.5,715,871.0346646
679.5,63,615,871.0346647
680,72.5,709,871.0346651
680.5,59,577,871.0346648
681,64.5,647,871.0346649
681.5,67.5,682,871.0346647
682,69,715,871.0346649
682.5,70.5,683,871.0346647
683,66,661,871.0346648
683.5,70.5,692,871.0346647
684,72,724,871.0346646
684.5,73,781,871.0346645
685,71,708,871.0346646
685.5,70,682,871.0346649
686,72.5,725,871.0346649
686.5,75,754,871.0346645
687,85.5,848,871.0346647
687.5,69.5,680,871.0346646
688,71.5,710,871.0346647
688.5,65.5,622,871.0346651
689,69,690,871.0346649
689.5,68.5,693,871.0346648
690,68,653,871.0346647
690.5,65,606,871.0346646
691,74,734,871.0346649
691.5,67,662,871.0346647
692,67,707,871.0346648
692.5,62,633,871.0346647
693,70,705,871.0346642
693.5,38,342,871.0346645
694,68.5,705,871.0346648
694.5,66.5,693,871.0346645
695,68.5,756,871.0346645
695.5,72.5,752,871.0346644
696,69,710,871.0346645
696.5,66.5,717,871.034665
697,68,694,871.0346645
697.5,66,714,871.0346646
698,70,708,871.0346647
698.5,69.5,647,871.0346648
699,68.5,687,871.0346648
699.5,73,755,871.0346647
700,68.5,738,871.0346645
700.5,75,754,871.0346648
701,66.5,661,871.0346647
701.5,68,582,871.0346648
702,75,752,871.0346647
702.5,69,713,871.0346647
703,65.5,635,871.0346649
703.5,69.5,734,871.0346651
704,69,667,871.0346648
704.5,74.5,670,871.034665
705,67,682,871.0346642
705.5,76,756,871.0346646
706,74.5,778,871.0346649
706.5,69,691,871.0346644
707,64.5,652,871.0346646
707.5,71.5,735,871.034665
708,65.5,702,871.0346645
708.5,70,722,871.0346648
709,67,689,871.0346649
709.5,71,715,871.0346647
710,67.5,683,871.034665
710.5,73,751,871.0346649
711,78,773,871.0346649
711.5,78,742,871.0346648
712,74,770,871.0346649
712.5,71,696,871.0346647
713,64.5,670,871.034665
713.5,73,709,871.0346651
714,79,820,871.0346646
714.5,75,747,871.0346644
715,81.5,810,871.034665
715.5,67,694,871.0346647
716,70.5,697,871.0346646
716.5,70,707,871.0346652
717,62.5,583,871.034665
717.5,68.5,676,871.0346647
718,70.5,699,871.0346651
718.5,72,712,871.0346646
719,70.5,736,871.0346646
719.5,63.5,660,871.0346649
720,69.5,655,871.0346646
720.5,72.5,740,871.0346648
721,68,707,871.034665
721.5,54.5,574,871.0346648
722,62.5,611,871.0346643
722.5,77.5,822,871.0346648
723,72,748,871.0346651
723.5,68.5,688,871.0346652
724,60.5,571,871.034665
724.5,67,665,871.0346648
725,59.5,608,871.0346652
725.5,67,637,871.0346652
726,59,614,871.0346652
726.5,62.5,586,871.0346651
727,73.5,718,871.0346647
727.5,65.5,686,871.0346648
728,69.5,744,871.0346652
728.5,68.5,755,871.0346649
729,72,753,871.0346649
729.5,67.5,670,871.0346653
730,68,714,871.0346647
730.5,56,554,871.0346648
731,65.5,631,871.0346651
731.5,69.5,699,871.0346647
732,59.5,607,871.0346652
732.5,65.5,661,871.034665
733,63.5,635,871.0346649
733.5,62,588,871.0346651
734,61.5,616,871.0346649
734.5,71.5,683,871.0346649
735,66.5,662,871.0346648
735.5,71,735,871.0346649
736,70,682,871.0346651
736.5,66,675,871.0346647
737,66.5,698,871.0346648
737.5,61,629,871.0346648
738,70,749,871.0346645
738.5,58,583,871.0346646
739,65.5,628,871.0346647
739.5,62.5,651,871.0346652
740,71,738,871.0346648
740.5,64,639,871.0346646
741,66,663,871.0346648
741.5,65.5,649,871.0346649
742,65.5,637,871.0346647
742.5,71.5,791,871.0346648
743,65,647,871.0346651
743.5,59.5,621,871.0346647
744,52.5,537,871.0346651
744.5,65,662,871.0346649
745,64,662,871.0346648
745.5,60,612,871.0346649
746,71.5,750,871.0346649
746.5,63.5,650,871.0346651
747,52.5,590,871.0346643
747.5,64.5,695,871.0346648
748,60,598,871.0346648
748.5,62.5,623,871.0346648
749,65.5,628,871.0346651
749.5,66.5,741,871.0346648
750,74.5,806,871.0346654
750.5,55.5,600,871.0346649
751,58.5,607,871.0346651
751.5,72,661,871.0346649
752,67,683,871.0346651
752.5,58,556,871.0346649
753,61,622,871.0346652
753.5,56.5,579,871.0346651
754,61,615,871.0346649
754.5,61,602,871.034665
755,61.5,658,871.0346653
755.5,64,683,871.0346655
756,69,737,871.0346653
756.5,69,739,871.0346646
757,67.5,714,871.0346646
757.5,69,796,871.0346645
758,58.5,626,871.0346651
758.5,61.5,622,871.0346651
759,60,603,871.0346646
759.5,55,579,871.0346653
760,63,659,871.0346648
760.5,67,680,871.0346651
761,57,608,871.0346649
761.5,56.5,598,871.0346648
762,67.5,715,871.0346649
762.5,61.5,616,871.0346647
763,57,578,871.0346654
763.5,62,607,871.0346649
764,68,699,871.0346649
764.5,71.5,703,871.034665
765,66.5,687,871.0346648
765.5,63,660,871.0346645
766,59,634,871.0346647
766.5,62.5,637,871.0346647
767,55.5,563,871.0346647
767.5,65.5,678,871.0346644
768,65.5,664,871.0346646
768.5,63,657,871.0346647
769,71,734,871.0346648
769.5,63,644,871.0346648
770,72.5,727,871.0346653
770.5,69,682,871.0346648
771,63.5,612,871.034665
771.5,61,584,871.0346652
772,64,648,871.0346648
772.5,56.5,607,871.0346646
773,66,662,871.0346648
773.5,67,657,871.0346648
774,58.5,664,871.0346645
774.5,56,568,871.0346646
775,59,628,871.0346647
775.5,63,652,871.0346649
776,53.5,588,871.0346648
776.5,55.5,570,871.0346649
777,58,609,871.034665
777.5,63,639,871.0346644
778,60,614,871.0346647
778.5,64,669,871.0346647
779,59.5,658,871.0346648
779.5,62,638,871.0346644
780,57.5,590,871.034665
780.5,50,519,871.0346648
781,56,515,871.034665
781.5,57,563,871.0346647
782,55.5,540,871.0346648
782.5,63,576,871.0346652
783,50.5,460,871.0346647
783.5,56.5,564,871.0346648
784,53,563,871.0346645
784.5,62,617,871.0346647
785,61.5,570,871.0346648
785.5,53.5,523,871.0346646
786,62,649,871.0346649
786.5,56,568,871.0346649
787,62,617,871.0346648
787.5,53.5,518,871.0346648
788,63.5,618,871.0346649
788.5,51.5,486,871.0346647
789,51,495,871.034665
789.5,55.5,605,871.0346646
790,56,598,871.0346646
790.5,54.5,579,871.0346646
791,56.5,570,871.0346647
791.5,52.5,481,871.0346647
792,52,500,871.0346647
792.5,54.5,572,871.0346652
793,54.5,580,871.0346652
793.5,59,637,871.0346648
794,55,562,871.0346652
794.5,57.5,559,871.0346646
795,62.5,635,871.034665
795.5,56,563,871.0346644
796,63.5,620,871.0346651
796.5,61,635,871.0346647
797,62.5,580,871.0346648
797.5,58.5,595,871.0346645
798,60.5,590,871.0346648
798.5,59,563,871.0346649
799,56,567,871.0346647
799.5,53,521,871.0346648
800,58.5,573,871.0346649
800.5,57,562,871.0346651
801,56,575,871.034665
801.5,56,595,871.0346647
802,62,621,871.0346647
802.5,46.5,506,871.0346646
803,56.5,520,871.034665
803.5,53.5,533,871.0346646
804,52,484,871.0346649
804.5,49,450,871.0346648
805,48.5,474,871.0346645
805.5,49,483,871.0346652
806,49.5,490,871.0346645
806.5,49,487,871.0346648
807,51.5,479,871.034665
807.5,54,541,871.0346651
808,54.5,559,871.0346646
808.5,56,564,871.0346646
809,61,594,871.0346648
809.5,64,613,871.0346645
810,53,544,871.0346646
810.5,51,492,871.0346642
811,50,505,871.0346646
811.5,48.5,511,871.0346647
812,57,643,871.0346646
812.5,51,530,871.0346645
813,57,566,871.034665
813.5,62,596,871.0346648
814,57,573,871.0346645
814.5,56,546,871.0346645
815,48.5,483,871.0346649
815.5,48,477,871.0346646
816,48.5,470,871.0346646
816.5,48.5,473,871.0346648
817,53.5,503,871.0346646
817.5,54,523,871.0346651
818,52.5,536,871.0346646
818.5,50,483,871.0346648
819,55.5,547,871.0346649
819.5,59,573,871.034665
820,52.5,521,871.0346648
820.5,61.5,623,871.0346649
821,48,490,871.0346648
821.5,53,504,871.0346645
822,50,547,871.0346648
822.5,50,500,871.0346643
823,53.5,522,871.0346647
823.5,53.5,533,871.0346644
824,48.5,502,871.0346642
824.5,50.5,525,871.0346649
825,57.5,624,871.034665
825.5,53.5,524,871.0346646
826,46,462,871.0346648
826.5,59,543,871.0346648
827,60,607,871.0346647
827.5,54.5,530,871.0346648
828,50.5,501,871.0346646
828.5,57,563,871.0346647
829,60.5,654,871.0346645
829.5,52.5,508,871.0346651
830,55.5,609,871.0346644
830.5,56,524,871.0346649
831,51.5,551,871.0346655
831.5,48.5,489,871.0346653
832,48.5,483,871.0346645
832.5,54.5,539,871.0346646
833,52,527,871.0346647
833.5,50.5,513,871.0346647
834,54.5,530,871.0346643
834.5,52,512,871.0346651
835,59.5,603,871.0346644
835.5,55,569,871.0346643
836,49,503,871.0346646
836.5,50.5,531,871.0346646
837,50,524,871.0346649
837.5,55,559,871.0346644
838,55,545,871.0346648
838.5,45.5,454,871.0346645
839,53,507,871.0346645
839.5,55,586,871.0346648
840,53,546,871.0346649
840.5,53,593,871.0346649
841,49,483,871.0346648
841.5,50.5,512,871.0346647
842,60.5,608,871.034665
842.5,49.5,527,871.0346645
843,51.5,582,871.0346644
843.5,47.5,499,871.0346646
844,52,537,871.0346648
844.5,51,553,871.0346646
845,53,579,871.0346649
845.5,49.5,486,871.0346645
846,47.5,502,871.0346647
846.5,44.5,494,871.0346647
847,57.5,583,871.0346643
847.5,51,475,871.0346646
848,52,510,871.0346644
848.5,47.5,498,871.0346648
849,55.5,569,871.0346646
849.5,53.5,555,871.0346647
850,57.5,610,871.0346649
850.5,56,536,871.0346652
851,48.5,482,871.0346647
851.5,51,516,871.0346649
852,48,490,871.0346649
852.5,47,492,871.034665
853,53,532,871.0346648
853.5,45,438,871.0346648
854,55,589,871.0346648
854.5,55,566,871.0346647
855,63.5,665,871.0346644
855.5,50.5,518,871.0346646
856,52.5,555,871.0346646
856.5,49.5,519,871.0346644
857,52.5,571,871.0346648
857.5,53,512,871.0346648
858,54,513,871.0346645
858.5,51,526,871.0346648
859,55.5,558,871.0346646
859.5,52.5,551,871.0346644
860,55,569,871.0346644
860.5,51,497,871.0346649
861,54.5,553,871.034665
861.5,54.5,596,871.0346648
862,57,570,871.0346645
862.5,48.5,474,871.0346647
863,48,520,871.0346646
863.5,52,555,871.0346647
864,59,650,871.0346648
864.5,60.5,680,871.0346647
865,57,546,871.0346644
865.5,54.5,549,871.0346646
866,50.5,524,871.0346647
866.5,63,636,871.0346645
867,55,527,871.0346646
867.5,47.5,492,871.0346648
868,58,573,871.0346646
868.5,53,529,871.034665
869,48.5,466,871.0346643
869.5,59,542,871.0346647
870,46.5,446,871.0346646
870.5,49.5,518,871.0346645
871,55,519,871.0346642
871.5,57,595,871.0346651
872,50.5,533,871.0346648
872.5,64,637,871.0346644
873,53,496,871.0346648
873.5,54.5,555,871.0346643
874,49.5,545,871.0346644
874.5,53.5,573,871.0346645
875,52.5,533,871.0346645
875.5,50,501,871.0346645
876,52,544,871.0346646
876.5,49.5,524,871.0346649
877,54,502,871.0346648
877.5,48,493,871.0346647
878,49.5,559,871.0346647
878.5,51,519,871.0346645
879,51,478,871.0346644
879.5,54.5,568,871.0346646
880,50,465,871.0346647
880.5,55,535,871.0346647
881,56.5,568,871.0346645
881.5,55,572,871.0346647
882,51,480,871.0346645
882.5,57,558,871.034665
883,49.5,499,871.0346651
883.5,58.5,605,871.0346648
884,57.5,525,871.0346648
884.5,52,472,871.0346641
885,50,504,871.0346646
885.5,54.5,573,871.0346647
886,57.5,577,871.0346647
886.5,49,470,871.0346647
887,50.5,522,871.0346647
887.5,52,509,871.0346646
888,51,551,871.0346645
888.5,57,566,871.0346644
889,51,534,871.034665
889.5,58,588,871.0346645
890,52.5,521,871.0346646
890.5,53.5,544,871.0346649
891,52,536,871.0346646
891.5,54,532,871.0346644
892,48,506,871.0346647
892.5,57.5,593,871.0346645
893,49.5,477,871.0346647
893.5,58,580,871.0346641
894,44.5,498,871.0346643
894.5,46.5,483,871.0346646
895,49,473,871.0346645
895.5,57,617,871.034665
896,65,624,871.0346646
896.5,53,507,871.0346649
897,55.5,523,871.0346645
897.5,55.5,526,871.0346649
898,45,458,871.0346647
898.5,53.5,482,871.0346649
899,55.5,549,871.0346645
899.5,51.5,490,871.0346646
900,52,459,871.0346645
900.5,56,561,871.0346644
901,55,489,871.0346645
901.5,51,514,871.0346643
902,48.5,504,871.0346645
902.5,52.5,571,871.0346647
903,52,601,871.0346647
903.5,53,563,871.0346645
904,58.5,565,871.0346648
904.5,56.5,555,871.0346643
905,54,607,871.0346642
905.5,50,469,871.0346648
906,53.5,576,871.0346651
906.5,55,611,871.0346645
907,60,612,871.0346647
907.5,59,578,871.0346647
908,53.5,563,871.0346649
908.5,55.5,515,871.0346643
909,55.5,584,871.0346647
909.5,61,591,871.0346644
910,56,551,871.0346648
910.5,60.5,576,871.0346645
911,56,565,871.0346648
911.5,53,502,871.0346646
912,53,539,871.0346645
912.5,51.5,544,871.0346647
913,52.5,520,871.0346652
913.5,55,555,871.0346645
914,56.5,534,871.0346645
914.5,56,563,871.0346649
915,62,617,871.0346645
915.5,51.5,495,871.0346645
916,61,641,871.0346642
916.5,55.5,613,871.0346647
917,54,518,871.0346646
917.5,53,586,871.0346648
918,58,608,871.0346645
918.5,62.5,621,871.0346645
919,49.5,530,871.0346644
919.5,55.5,584,871.0346647
920,54.5,546,871.0346644
920.5,56,566,871.0346642
921,65,660,871.0346647
921.5,50,512,871.0346646
922,54.5,576,871.0346649
922.5,51.5,492,871.0346647
923,53,519,871.0346649
923.5,60.5,598,871.0346646
924,55.5,514,871.0346645
924.5,58.5,595,871.0346645
925,58.5,608,871.0346651
925.5,63.5,647,871.0346647
926,54.5,533,871.0346649
926.5,68.5,709,871.0346645
927,55.5,538,871.034664
927.5,62.5,643,871.0346645
928,61,575,871.0346643
928.5,64,633,871.0346646
929,54,541,871.0346644
929.5,52,517,871.0346646
930,57.5,569,871.0346647
930.5,49.5,507,871.0346647
931,53,519,871.0346645
931.5,23.5,255,871.0346644
932,16,192,871.0346644
932.5,64.5,637,871.0346643
933,60,572,871.0346647
933.5,66.5,675,871.0346646
934,59.5,549,871.0346644
934.5,61,592,871.0346647
935,59.5,608,871.0346644
935.5,63,598,871.0346648
936,62,644,871.034664
936.5,60,557,871.0346643
937,61.5,624,871.0346643
937.5,56.5,551,871.0346645
938,56.5,558,871.0346644
938.5,57.5,556,871.0346643
939,51,507,871.0346645
939.5,64,656,871.0346651
940,66.5,649,871.0346648
940.5,49,468,871.0346644
941,58,531,871.0346647
941.5,53.5,531,871.0346645
942,63,643,871.0346645
942.5,52,502,871.0346647
943,52.5,562,871.0346645
943.5,56.5,595,871.0346644
944,61.5,643,871.0346644
944.5,61.5,599,871.0346649
945,67.5,649,871.0346642
945.5,61,577,871.0346647
946,56,578,871.0346646
946.5,58,610,871.0346644
947,55.5,590,871.0346645
947.5,53,582,871.0346648
948,55.5,583,871.0346648
948.5,56,554,871.0346647
949,64.5,602,871.0346642
949.5,59,558,871.0346645
950,57.5,552,871.0346644
950.5,62.5,563,871.0346645
951,60.5,592,871.0346643
951.5,58,494,871.0346643
952,63.5,582,871.0346645
952.5,60.5,576,871.0346641
953,58.5,542,871.0346645
953.5,60.5,595,871.0346647
954,55,586,871.0346649
954.5,56.5,507,871.0346645
955,55.5,594,871.0346642
955.5,57.5,571,871.0346646
956,61.5,627,871.0346646
956.5,55.5,599,871.0346641
957,64.5,641,871.0346645
957.5,67,717,871.0346645
958,68,661,871.0346648
958.5,68.5,681,871.0346645
959,63.5,609,871.0346644
959.5,61,579,871.0346645
960,58,573,871.0346649
960.5,60,588,871.0346643
961,62,614,871.0346643
961.5,52,500,871.0346648
962,58.5,580,871.0346643
962.5,59.5,553,871.0346644
963,61,586,871.0346645
963.5,55.5,572,871.0346644
964,65.5,625,871.0346648
964.5,61,614,871.0346645
965,63.5,606,871.0346646
965.5,65,688,871.0346647
966,60.5,612,871.0346644
966.5,66.5,699,871.0346649
967,65,631,871.0346645
967.5,63,670,871.0346643
968,62,621,871.0346646
968.5,73,699,871.0346648
969,60,589,871.0346649
969.5,69.5,667,871.0346645
970,71,648,871.0346645
970.5,61.5,602,871.0346649
971,62,602,871.0346645
971.5,68.5,691,871.0346645
972,67,620,871.0346644
972.5,66,646,871.0346641
973,61.5,588,871.0346647
973.5,68,664,871.0346644
974,70,716,871.0346643
974.5,65,614,871.0346642
975,69.5,628,871.0346647
975.5,68,636,871.0346646
976,60,603,871.0346647
976.5,71,688,871.0346647
977,76.5,702,871.0346643
977.5,71,672,871.0346644
978,68.5,662,871.034665
978.5,69,666,871.0346647
979,57.5,620,871.0346642
979.5,64.5,658,871.034664
980,59,626,871.0346643
980.5,59.5,545,871.0346644
981,59,569,871.0346647
981.5,56.5,498,871.0346643
982,50,514,871.0346646
982.5,59,609,871.0346646
983,57,557,871.0346645
983.5,55,557,871.0346642
984,69,629,871.0346644
984.5,75,746,871.0346645
985,66,680,871.0346643
985.5,68.5,746,871.0346641
986,65,656,871.0346645
986.5,74.5,676,871.0346644
987,66,593,871.0346643
987.5,64,568,871.0346642
988,62.5,613,871.0346646
988.5,58,517,871.0346646
989,66.5,638,871.0346645
989.5,62.5,599,871.0346643
990,71,689,871.0346645
990.5,66.5,650,871.0346644
991,69.5,672,871.0346646
991.5,60,589,871.0346645
992,64,571,871.0346644
992.5,72.5,688,871.0346641
993,66.5,624,871.0346644
993.5,71,658,871.0346643
994,69,640,871.0346644
994.5,64.5,610,871.0346647
995,65,638,871.0346643
995.5,76.5,717,871.0346644
996,73,667,871.0346643
996.5,68.5,663,871.0346645
997,68,684,871.0346648
997.5,76.5,769,871.0346643
998,67.5,662,871.0346643
998.5,70,742,871.0346642
999,66.5,690,871.0346643
999.5,67,665,871.0346642
